city_name,year,cause,deaths_n,source
AGRA,2023,all_injury,835,ncrb_adsi_2023
AGRA,2023,road,491,ncrb_adsi_2023
AGRA,2023,suicide,147,ncrb_adsi_2023
AHMEDABAD,2023,all_injury,3076,ncrb_adsi_2023
AHMEDABAD,2023,road,535,ncrb_adsi_2023
AHMEDABAD,2023,suicide,984,ncrb_adsi_2023
AMRITSAR,2023,all_injury,576,ncrb_adsi_2023
AMRITSAR,2023,road,110,ncrb_adsi_2023
AMRITSAR,2023,suicide,56,ncrb_adsi_2023
ASANSOL,2023,all_injury,1397,ncrb_adsi_2023
ASANSOL,2023,road,339,ncrb_adsi_2023
ASANSOL,2023,suicide,408,ncrb_adsi_2023
AURANGABAD,2023,all_injury,1279,ncrb_adsi_2023
AURANGABAD,2023,road,221,ncrb_adsi_2023
AURANGABAD,2023,suicide,354,ncrb_adsi_2023
BENGALURU,2023,all_injury,6784,ncrb_adsi_2023
BENGALURU,2023,road,915,ncrb_adsi_2023
BENGALURU,2023,suicide,2370,ncrb_adsi_2023
BHOPAL,2023,all_injury,1597,ncrb_adsi_2023
BHOPAL,2023,road,196,ncrb_adsi_2023
BHOPAL,2023,suicide,583,ncrb_adsi_2023
CHANDIGARH (CITY),2023,all_injury,462,ncrb_adsi_2023
CHANDIGARH (CITY),2023,road,67,ncrb_adsi_2023
CHANDIGARH (CITY),2023,suicide,150,ncrb_adsi_2023
CHENNAI,2023,all_injury,2639,ncrb_adsi_2023
CHENNAI,2023,road,503,ncrb_adsi_2023
CHENNAI,2023,suicide,1529,ncrb_adsi_2023
COIMBATORE,2023,all_injury,1818,ncrb_adsi_2023
COIMBATORE,2023,road,305,ncrb_adsi_2023
COIMBATORE,2023,suicide,411,ncrb_adsi_2023
DELHI (CITY),2023,all_injury,6639,ncrb_adsi_2023
DELHI (CITY),2023,road,1457,ncrb_adsi_2023
DELHI (CITY),2023,suicide,3131,ncrb_adsi_2023
DHANBAD,2023,all_injury,257,ncrb_adsi_2023
DHANBAD,2023,road,126,ncrb_adsi_2023
DHANBAD,2023,suicide,49,ncrb_adsi_2023
DURG BHILAINAGAR,2023,all_injury,1020,ncrb_adsi_2023
DURG BHILAINAGAR,2023,road,137,ncrb_adsi_2023
DURG BHILAINAGAR,2023,suicide,342,ncrb_adsi_2023
FARIDABAD,2023,all_injury,1970,ncrb_adsi_2023
FARIDABAD,2023,road,307,ncrb_adsi_2023
FARIDABAD,2023,suicide,368,ncrb_adsi_2023
GHAZIABAD,2023,all_injury,784,ncrb_adsi_2023
GHAZIABAD,2023,road,368,ncrb_adsi_2023
GHAZIABAD,2023,suicide,142,ncrb_adsi_2023
GWALIOR,2023,all_injury,638,ncrb_adsi_2023
GWALIOR,2023,road,170,ncrb_adsi_2023
GWALIOR,2023,suicide,291,ncrb_adsi_2023
HYDERABAD,2023,all_injury,1150,ncrb_adsi_2023
HYDERABAD,2023,road,335,ncrb_adsi_2023
HYDERABAD,2023,suicide,659,ncrb_adsi_2023
INDORE,2023,all_injury,2243,ncrb_adsi_2023
INDORE,2023,road,295,ncrb_adsi_2023
INDORE,2023,suicide,717,ncrb_adsi_2023
JABALPUR,2023,all_injury,979,ncrb_adsi_2023
JABALPUR,2023,road,268,ncrb_adsi_2023
JABALPUR,2023,suicide,187,ncrb_adsi_2023
JAIPUR,2023,all_injury,3208,ncrb_adsi_2023
JAIPUR,2023,road,848,ncrb_adsi_2023
JAIPUR,2023,suicide,567,ncrb_adsi_2023
JAMSHEDPUR,2023,all_injury,515,ncrb_adsi_2023
JAMSHEDPUR,2023,road,72,ncrb_adsi_2023
JAMSHEDPUR,2023,suicide,132,ncrb_adsi_2023
JODHPUR,2023,all_injury,1142,ncrb_adsi_2023
JODHPUR,2023,road,257,ncrb_adsi_2023
JODHPUR,2023,suicide,209,ncrb_adsi_2023
KANNUR,2023,all_injury,930,ncrb_adsi_2023
KANNUR,2023,road,117,ncrb_adsi_2023
KANNUR,2023,suicide,416,ncrb_adsi_2023
KANPUR,2023,all_injury,2966,ncrb_adsi_2023
KANPUR,2023,road,638,ncrb_adsi_2023
KANPUR,2023,suicide,724,ncrb_adsi_2023
KOCHI,2023,all_injury,1056,ncrb_adsi_2023
KOCHI,2023,road,177,ncrb_adsi_2023
KOCHI,2023,suicide,337,ncrb_adsi_2023
KOLKATA,2023,all_injury,523,ncrb_adsi_2023
KOLKATA,2023,road,204,ncrb_adsi_2023
KOLKATA,2023,suicide,283,ncrb_adsi_2023
KOLLAM,2023,all_injury,1315,ncrb_adsi_2023
KOLLAM,2023,road,211,ncrb_adsi_2023
KOLLAM,2023,suicide,539,ncrb_adsi_2023
KOTA,2023,all_injury,663,ncrb_adsi_2023
KOTA,2023,road,114,ncrb_adsi_2023
KOTA,2023,suicide,170,ncrb_adsi_2023
KOZHIKODE,2023,all_injury,1009,ncrb_adsi_2023
KOZHIKODE,2023,road,172,ncrb_adsi_2023
KOZHIKODE,2023,suicide,351,ncrb_adsi_2023
LUCKNOW,2023,all_injury,936,ncrb_adsi_2023
LUCKNOW,2023,road,499,ncrb_adsi_2023
LUCKNOW,2023,suicide,218,ncrb_adsi_2023
LUDHIANA,2023,all_injury,1656,ncrb_adsi_2023
LUDHIANA,2023,road,402,ncrb_adsi_2023
LUDHIANA,2023,suicide,339,ncrb_adsi_2023
MADURAI,2023,all_injury,1124,ncrb_adsi_2023
MADURAI,2023,road,264,ncrb_adsi_2023
MADURAI,2023,suicide,404,ncrb_adsi_2023
MALAPPURAM,2023,all_injury,483,ncrb_adsi_2023
MALAPPURAM,2023,road,107,ncrb_adsi_2023
MALAPPURAM,2023,suicide,142,ncrb_adsi_2023
MEERUT,2023,all_injury,249,ncrb_adsi_2023
MEERUT,2023,road,174,ncrb_adsi_2023
MEERUT,2023,suicide,29,ncrb_adsi_2023
MUMBAI,2023,all_injury,10389,ncrb_adsi_2023
MUMBAI,2023,road,414,ncrb_adsi_2023
MUMBAI,2023,suicide,1415,ncrb_adsi_2023
NAGPUR,2023,all_injury,2880,ncrb_adsi_2023
NAGPUR,2023,road,308,ncrb_adsi_2023
NAGPUR,2023,suicide,663,ncrb_adsi_2023
NASIK,2023,all_injury,1298,ncrb_adsi_2023
NASIK,2023,road,261,ncrb_adsi_2023
NASIK,2023,suicide,160,ncrb_adsi_2023
PATNA,2023,all_injury,467,ncrb_adsi_2023
PATNA,2023,road,200,ncrb_adsi_2023
PATNA,2023,suicide,44,ncrb_adsi_2023
PRAYAGRAJ,2023,all_injury,1007,ncrb_adsi_2023
PRAYAGRAJ,2023,road,582,ncrb_adsi_2023
PRAYAGRAJ,2023,suicide,140,ncrb_adsi_2023
PUNE,2023,all_injury,6007,ncrb_adsi_2023
PUNE,2023,road,393,ncrb_adsi_2023
PUNE,2023,suicide,953,ncrb_adsi_2023
RAIPUR,2023,all_injury,1438,ncrb_adsi_2023
RAIPUR,2023,road,158,ncrb_adsi_2023
RAIPUR,2023,suicide,364,ncrb_adsi_2023
RAJKOT,2023,all_injury,1342,ncrb_adsi_2023
RAJKOT,2023,road,178,ncrb_adsi_2023
RAJKOT,2023,suicide,537,ncrb_adsi_2023
RANCHI,2023,all_injury,736,ncrb_adsi_2023
RANCHI,2023,road,117,ncrb_adsi_2023
RANCHI,2023,suicide,199,ncrb_adsi_2023
SRINAGAR,2023,all_injury,160,ncrb_adsi_2023
SRINAGAR,2023,road,55,ncrb_adsi_2023
SRINAGAR,2023,suicide,9,ncrb_adsi_2023
SURAT,2023,all_injury,3245,ncrb_adsi_2023
SURAT,2023,road,309,ncrb_adsi_2023
SURAT,2023,suicide,1002,ncrb_adsi_2023
THIRUVANANTHAPURAM,2023,all_injury,947,ncrb_adsi_2023
THIRUVANANTHAPURAM,2023,road,137,ncrb_adsi_2023
THIRUVANANTHAPURAM,2023,suicide,410,ncrb_adsi_2023
THRISSUR,2023,all_injury,1407,ncrb_adsi_2023
THRISSUR,2023,road,231,ncrb_adsi_2023
THRISSUR,2023,suicide,501,ncrb_adsi_2023
TIRUCHIRAPPALLI,2023,all_injury,492,ncrb_adsi_2023
TIRUCHIRAPPALLI,2023,road,165,ncrb_adsi_2023
TIRUCHIRAPPALLI,2023,suicide,182,ncrb_adsi_2023
VADODARA,2023,all_injury,1221,ncrb_adsi_2023
VADODARA,2023,road,199,ncrb_adsi_2023
VADODARA,2023,suicide,237,ncrb_adsi_2023
VARANASI,2023,all_injury,581,ncrb_adsi_2023
VARANASI,2023,road,223,ncrb_adsi_2023
VARANASI,2023,suicide,197,ncrb_adsi_2023
VASAI VIRAR,2023,all_injury,1724,ncrb_adsi_2023
VASAI VIRAR,2023,road,154,ncrb_adsi_2023
VASAI VIRAR,2023,suicide,318,ncrb_adsi_2023
VIJAYAWADA,2023,all_injury,1326,ncrb_adsi_2023
VIJAYAWADA,2023,road,373,ncrb_adsi_2023
VIJAYAWADA,2023,suicide,577,ncrb_adsi_2023
VISHAKHAPATNAM,2023,all_injury,1407,ncrb_adsi_2023
VISHAKHAPATNAM,2023,road,322,ncrb_adsi_2023
VISHAKHAPATNAM,2023,suicide,449,ncrb_adsi_2023
