cause,pos,observed,pred_mean,pred_lo,pred_hi,in95,log_err
all_injury,487,1142.0,740.0995429391315,289.859141240183,1422.723352947264,True,-0.433751695579093
all_injury,592,835.0,860.9897449436622,359.5554669956506,1684.5069275299234,True,0.03065086887140467
all_injury,33,638.0,951.5816020587058,328.6931882627409,2380.745134941367,True,0.39978716120512825
all_injury,558,936.0,1664.9455826751803,619.6671929432675,3554.189056910496,True,0.5759322423248792
all_injury,40,1597.0,2579.7263997160712,944.1529409622833,5770.156219211837,True,0.479556477455632
all_injury,123,257.0,992.2582360602122,363.97353366324586,2049.1635561257194,False,1.3509073071217275
all_injury,6,979.0,3647.4840781409625,1340.2517248549054,7847.303649362424,False,1.3152612727139186
all_injury,570,581.0,471.8863133947912,186.58939361544742,991.4790015863202,True,-0.208012661729847
all_injury,130,736.0,501.63823021206287,217.2205923703883,967.7998618683982,True,-0.3833509157832724
all_injury,332,1009.0,1670.023354440578,546.1332209191025,3650.5213283721687,True,0.5038778696543647
all_injury,515,492.0,784.8145241970241,308.9199483324534,1516.908173623018,True,0.46696869846453737
all_injury,587,784.0,930.3992286861286,323.8422577919647,1986.866169280352,True,0.17120475184051376
all_injury,661,160.0,750.3367965506782,138.21233365287256,2312.248368819189,True,1.545348352565905
all_injury,534,249.0,481.8704873999075,165.26114386306654,1112.5495450837113,True,0.6602224831395853
all_injury,155,467.0,720.6829666635875,298.4988323194425,1486.3483882445253,True,0.4338700695484379
all_injury,519,1124.0,1330.291227502282,450.6893574615865,2919.867433499993,True,0.1685041348389884
all_injury,437,1279.0,1017.9424592222844,401.87683728807053,2207.0277718138677,True,-0.22829512942316477
all_injury,418,1298.0,1103.6720928694049,484.76006217465215,2147.5050019657274,True,-0.16218173187381435
all_injury,98,1407.0,512.2205997127093,180.64273257428664,1107.943288227406,False,-1.0104596660540022
all_injury,592,1007.0,559.7838299551285,221.5576208982522,1165.5556085701205,True,-0.5871802014507415
all_injury,494,3208.0,1750.3619044686657,743.0851668043225,3235.5039491608873,True,-0.6058251208960233
all_injury,329,1315.0,1243.7039938287126,506.2909411022146,2537.783075054585,True,-0.055742646709667554
all_injury,495,663.0,815.2429689118004,350.32997748110097,1554.4742552277728,True,0.20671119998982856
all_injury,563,2966.0,1633.267970240232,637.4341258615353,3480.107810377286,True,-0.5966313462882855
all_injury,334,1407.0,2329.490256161176,846.6410591938826,4648.455615758039,True,0.5041896913310424
all_injury,336,947.0,1914.1541844829924,519.8816479864839,4412.506717181346,True,0.7037320317385616
all_injury,185,1970.0,1636.4734565212077,586.1483902469397,3885.5277023514036,True,-0.18548994758551807
all_injury,298,1020.0,1269.7655493181676,327.5623381893516,3067.213176297338,True,0.2190296492962922
all_injury,63,3076.0,3811.205246706804,1482.3788896528138,7757.799968974602,True,0.2143154251893069
all_injury,66,1221.0,727.313172589208,242.61877696138055,1636.9573284223695,True,-0.5180683154832479
all_injury,301,1438.0,1222.179978226402,305.60988935272457,2830.830201611732,True,-0.16261712770333503
all_injury,325,930.0,1440.3891134276384,445.71189178729776,3279.643722241344,True,0.4374839875786112
all_injury,431,6007.0,4225.260688936152,1495.4893043143693,8887.274210321466,True,-0.3518444954389981
all_injury,337,483.0,1484.8964572892664,459.7026162995048,3215.9016837708155,True,1.123083669422142
all_injury,449,2880.0,3491.7626502707494,1252.090819446169,7504.774361862312,True,0.1926163719520968
all_injury,611,1818.0,2450.887226652248,882.5474543423727,5259.892465757218,True,0.29871309657434875
all_injury,370,576.0,681.1826599334606,216.8059001273996,1586.7997259187998,True,0.16772283259170173
all_injury,75,1342.0,1343.7495557827608,501.53539858658775,2695.0933947276994,True,0.0013028437640194568
all_injury,85,3245.0,2753.5032036141215,894.1679478275399,6252.98047759088,True,-0.16424135696652176
all_injury,372,1656.0,1065.851667345477,465.2207839870549,2084.732677309314,True,-0.44063088873314715
all_injury,16,2243.0,3312.5489078381784,964.3276053261715,7936.837728852592,True,0.3899037002956671
road,63,535.0,821.5335032407585,328.2658010906331,1636.0258374385257,True,0.428905972757331
road,130,117.0,138.03070170485958,57.582252597020464,267.83819458863263,True,0.165302201737477
road,336,137.0,233.88074942782444,76.61286559393531,522.7987183509731,True,0.5348304418004659
road,563,638.0,385.64242017098064,127.62353003030097,858.0508639236062,True,-0.5034277158422871
road,337,107.0,222.4329116234585,87.97009710586309,437.4735733825231,True,0.7317967008844102
road,418,261.0,209.63413619520492,83.72199153836432,421.0671569773951,True,-0.21915660460989006
road,592,582.0,135.07612114802788,50.37992952466662,294.3381713431475,False,-1.4606319678467647
road,431,393.0,642.0176720545481,247.47793025157026,1354.9158326877182,True,0.49080621800656754
road,332,172.0,244.0547337266955,85.82548457197987,505.9706065735956,True,0.34989804187613505
road,449,308.0,404.94011452283314,143.5074172519964,856.0537237282451,True,0.27363940782408225
road,661,55.0,339.1367610756644,83.30136653334188,900.4335767670971,False,1.8190702657959523
road,40,196.0,403.80857217173434,164.5056287807327,859.9030890088817,True,0.7228262751790462
road,570,223.0,161.47070218336026,69.18413588003443,334.0914925182105,True,-0.3228480558836546
road,6,268.0,437.13763795828885,163.59632863982617,909.4659213346131,True,0.48926112599787874
road,298,137.0,253.15694276999955,72.51545034991992,628.721263345724,True,0.6140286977301859
road,155,200.0,240.03010332490396,95.31654210148649,463.74645649076325,True,0.1824469794486383
road,85,309.0,764.6346062189546,288.6547262332039,1591.810610246785,True,0.9060568038935095
road,329,211.0,181.49540372414535,60.961337528309464,384.41061977656096,True,-0.15062780392572517
road,33,170.0,183.8040643938328,49.70151687759806,486.24159464133515,True,0.07807188575976465
road,123,126.0,168.78037125832313,45.8860861415387,435.05153955545376,True,0.29231638443419516
road,515,165.0,253.79710720408076,90.77468512299576,549.6561563192505,True,0.4305896833796856
road,495,114.0,210.73069881225595,71.06994607015899,482.3779562198496,True,0.6143825609589681
road,534,174.0,124.39011555243917,41.90762439989782,289.7705507644591,True,-0.33563257904028454
road,372,402.0,342.3223667050937,123.52403900005898,737.3896248884416,True,-0.16069920281300565
road,16,295.0,450.04031985217296,132.02624985347222,1097.8046305904488,True,0.4223618220822303
road,66,199.0,158.47569916103592,59.453015009459854,346.18315019638715,True,-0.22770356075748932
road,494,848.0,465.71875820582966,188.7975287878581,950.6770163282998,True,-0.5992987070231264
road,587,368.0,172.4554761908984,65.13687907753952,358.8139996397483,False,-0.7579438440516579
road,334,231.0,269.4448035152025,100.24982616524458,544.2281504695277,True,0.15394584814642442
road,592,491.0,224.90245650333827,88.74135949705659,457.49182616493334,False,-0.780777346241778
road,370,110.0,186.98333301242212,63.52483954527402,410.7189278591381,True,0.5305391188141915
road,519,264.0,388.5771664428841,151.04455024788973,770.5428063576333,True,0.38654267356034033
road,75,178.0,261.909213858071,106.02127013921464,536.8088933790788,True,0.3862143814277639
road,301,158.0,213.17508986974815,61.322626325564286,500.60843122901844,True,0.29951881317839124
road,558,499.0,368.6502895366069,134.09051782733343,852.1228390116604,True,-0.3027576259191598
road,437,221.0,157.4392292880952,56.90527670988133,334.7096134899114,True,-0.3391231634995764
road,325,117.0,190.10961790346192,69.47970906043767,395.81651250411755,True,0.48542690733295757
road,98,322.0,138.65204239180758,45.39995072862109,333.59492532549586,True,-0.8425840430335416
road,611,305.0,617.6629050996089,235.7804737318924,1323.515427479909,True,0.7056310710284377
road,487,257.0,196.16774157188087,66.59251064781436,408.7631788880364,True,-0.2701059673272166
road,185,307.0,338.800715163479,114.60862655555901,810.1563676257823,True,0.09856432606060839
suicide,123,49.0,148.43481469857397,36.208436022356295,377.94792422512165,True,1.1083256055029875
suicide,449,663.0,1288.481389737907,311.42654727546886,3294.704098010312,True,0.6644445964478907
suicide,332,351.0,978.9424133800154,187.70655448363038,2931.2319551454552,True,1.0256865954551175
suicide,592,140.0,106.798477765292,25.83718406563416,268.9846560748622,True,-0.2706987493187567
suicide,75,537.0,512.6760750178166,148.57265968021358,1142.8196322463325,True,-0.04635388148949815
suicide,592,147.0,153.19453777808278,37.06153452037687,385.83864600902353,True,0.04127601570206885
suicide,494,567.0,351.8626768995484,103.97491715422775,825.978202156306,True,-0.4771183266916781
suicide,370,56.0,118.71716586090814,21.318549163812524,356.22656026615687,True,0.7513922159335724
suicide,431,953.0,1069.411748973729,254.23007388577727,2932.288389358277,True,0.11524910531001709
suicide,16,717.0,1181.626693563251,228.09777570240985,3825.7879418352727,True,0.49957148139424046
suicide,66,237.0,192.0726298212149,47.558638661204945,512.0084127918698,True,-0.21018656031848426
suicide,98,449.0,183.6311227904252,34.98238504221012,563.563027339399,True,-0.8940939098126881
suicide,519,404.0,668.3524814156024,147.4738404395829,1732.4394433261807,True,0.5034008231981524
suicide,185,368.0,348.3505370945579,67.2531710711833,951.9482062172669,True,-0.05487367486951111
suicide,329,539.0,690.4893705422687,123.21380009284286,1826.7724306408054,True,0.2476850079656261
suicide,515,182.0,300.6796591289449,85.08439822596876,713.8192688630777,True,0.5020387555646257
suicide,130,199.0,87.8099738557371,26.899037091423427,211.92845918184798,True,-0.8181297330893695
suicide,336,410.0,1265.7772758772114,190.6422553536572,3026.785265576772,True,1.1272845001015597
suicide,558,218.0,348.823031846934,77.75785084021828,1012.2937028713087,True,0.47006965873699613
suicide,570,197.0,102.49045644057975,20.80867525832008,310.4548106780789,True,-0.653434042391118
suicide,85,1002.0,835.0556809409176,155.97235737353802,2267.0073686361943,True,-0.18225487525563988
suicide,534,29.0,79.26248017043645,15.945942590941653,256.7075545866935,True,1.0054690488637914
suicide,63,984.0,1273.1355654984284,322.7512496676419,2995.05506186563,True,0.25761218876403547
suicide,587,142.0,171.0894385149529,37.31945858504592,489.3212177553814,True,0.1863593944188926
suicide,437,354.0,256.63207987868884,59.02405683515829,706.4173282073448,True,-0.3216534497536463
suicide,298,342.0,547.047391515172,124.74363843121515,1570.377064835312,True,0.4697247005738454
suicide,372,339.0,237.5698290731464,77.66186386584614,514.8161222140385,True,-0.35553850997023595
suicide,563,724.0,379.73279919309977,100.1435938347458,1007.3185773572188,True,-0.6453235470163987
suicide,611,411.0,991.4556259175803,297.0924915228439,2406.4602061646533,True,0.8805809779664715
suicide,337,142.0,688.5961445270178,161.07433155514994,1579.6626810734354,False,1.5788278942851903
suicide,33,291.0,448.659908133937,93.87562129545564,1376.874114498638,True,0.4329418906571192
suicide,325,416.0,723.8617374632915,171.35615048875388,1885.68179910949,True,0.5539151435327234
suicide,418,160.0,300.2055001475599,98.18632526999828,687.215643221793,True,0.6292934254084885
suicide,40,583.0,776.3514826272805,221.70544496972764,2046.9788334336354,True,0.2864181728156767
suicide,334,501.0,1151.6341926397965,336.62066624669166,2441.366723892878,True,0.8323311486328304
suicide,495,170.0,215.67713230657512,65.87716459764793,490.5456545382342,True,0.2379840945289775
suicide,301,364.0,505.5005709464,128.34654018808115,1269.6990175307324,True,0.32839530029179276
suicide,661,9.0,138.2920001035853,23.62387504944602,430.9986594845765,False,2.732142815146505
suicide,155,44.0,53.322146435147275,19.185044334023548,120.2542819938899,True,0.19216211630494895
suicide,6,187.0,1021.4652490923986,321.8992305666863,2372.7022073345497,False,1.6978847773358172
suicide,487,209.0,102.34361507355437,32.08880779474851,246.2486601690964,True,-0.7139983250613247
