state_name_harmonized,cause_group,dalys_n,deaths_n,Incidence,Prevalence,ylds_n,ylls_n,yll_fraction,yld_fraction,yld_yll_ratio
Andhra Pradesh,all_injuries,2465456.8995659337,50075.20827775089,4408953.755449344,10132190.56182362,411350.63678914605,2054106.262776786,0.8331543995510244,0.16684560044897484,0.2002577199842978
Andhra Pradesh,burns,42207.95728522637,689.5772893495001,35206.7483487331,388279.9260736348,12105.655665543343,30102.30161968305,0.7131902028866832,0.28680979711331744,0.4021505005991899
Andhra Pradesh,drowning,139421.47832620368,2579.229803315148,4865.713290685149,12913.77913655373,624.5693017891966,138796.9090244145,0.9955202791615229,0.004479720838477234,0.004499879040385074
Andhra Pradesh,falls,594839.1939625676,13286.5495402956,2255430.9588619494,5263350.452026016,245170.20515711204,349668.98880545533,0.5878378431591035,0.41216215684089613,0.7011494098880954
Andhra Pradesh,intentional_all,663712.3324251819,12902.577932744944,222577.24351322267,2314222.784247969,45417.52805371556,618294.804371466,0.9315704623300252,0.06842953766997441,0.07345610497226354
Andhra Pradesh,other_transport,42997.05003539404,866.8769211099893,12244.148792094373,59181.54711827622,3534.900197160994,39462.14983823304,0.9177873785701307,0.0822126214298692,0.08957697975532479
Andhra Pradesh,other_unintentional,14422.449639013776,401.97354210008257,18842.117903205533,68536.94591965442,2746.6767002136216,26804.52221908358,1.8585277043766129,0.1904445339704055,0.10247064572776136
Andhra Pradesh,poisoning,8090.469513284802,148.08597325326076,3690.2643301189855,5958.610984523736,527.8232737034674,7562.646239581331,0.9347598711253076,0.06524012887469204,0.06979346342302106
Andhra Pradesh,road,617280.015232197,117.59945425967868,204645.1197700732,523731.8942505979,32556.808988884102,4551.211893138843,0.007373010272213093,0.0527423668116608,7.1534373158861175
Andhra Pradesh,self_harm,508444.4566094935,11404.3786741218,81126.01121672464,253184.92053207825,14055.06005442723,495002.0244410368,0.9735616506508968,0.02764325556453475,0.02839394459103152
Andhra Pradesh,transport_all,660277.0652675916,13538.687609300549,216889.26856216745,582059.1666560103,36091.709186045104,624185.3560815462,0.9453385387974691,0.05466146120253042,0.05782210177537381
Andhra Pradesh,unintentional_all,1141467.5018731588,23633.942735705383,3969487.243373953,7784114.10203059,329841.3995493856,811626.1023237742,0.7110374154252208,0.2889625845747801,0.40639575120244853
Andhra Pradesh,violence,101309.7522847005,1485.1720250231126,134610.9943530905,2034275.3577406013,30290.99246668735,71018.75981801319,0.7010061540614213,0.29899384593857903,0.42652100014571565
Arunachal Pradesh,all_injuries,60389.36887687434,917.0191304996426,139730.3142428675,265531.5277167262,10146.451327563844,50242.917549310485,0.8319828222041684,0.16801717779583142,0.20194789280709455
Arunachal Pradesh,burns,983.6967400402476,11.102236273448618,1219.5729227490535,9750.027331190426,335.11762782775446,648.5791122124917,0.6593283130997825,0.34067168690021604,0.5166950669819922
Arunachal Pradesh,drowning,5534.137391512712,80.35924339216874,154.94029886430533,328.3481749261632,16.609190222791607,5517.528201289923,0.9969987752294944,0.003001224770506035,0.0030102592350880245
Arunachal Pradesh,falls,10958.109920259383,144.1811309220707,67901.53431202202,123242.39290504323,5588.535181708788,5369.5747385505865,0.490009205750282,0.5099907942497172,1.040777985933632
Arunachal Pradesh,intentional_all,18630.565603854167,294.63772942878546,12802.470455554372,72948.96036578824,1459.0269009155372,17171.538702938662,0.9216863872015957,0.07831361279840605,0.08496774378558433
Arunachal Pradesh,other_transport,1244.7878443915051,20.69429247746015,441.5164258484452,1585.5385386849075,95.24624646997316,1149.541597921531,0.9234839519849797,0.0765160480150196,0.0828558502295058
Arunachal Pradesh,other_unintentional,2225.704137192912,2.0441339559536984,29.4689789714262,6040.173355467898,162.30947854431173,126.76947604018788,0.056957020442111074,0.07292500194972842,1.2803514190818073
Arunachal Pradesh,poisoning,485.4459540477577,7.667134495366948,156.2589128218861,189.1843127075991,17.622025491071277,467.8239285566863,0.9636993050531476,0.03630069494685219,0.03766807214294942
Arunachal Pradesh,road,14940.854480089862,255.9367238218696,5232.291951241339,10668.274930508309,677.626130702272,14263.228349387617,0.9546460925909394,0.045353907409062484,0.047508608437259264
Arunachal Pradesh,self_harm,13567.518247569064,210.65550230099703,2070.6616329504395,4963.238587946348,277.4967248345949,12371.410738546816,0.9118403611333592,0.02045302020392085,0.02243048353167769
Arunachal Pradesh,transport_all,16185.642324481378,276.63101629932976,5673.8083770897865,12238.864310934812,772.8723771722454,15412.769947309134,0.9522495084422293,0.04775049155777077,0.05014493694607949
Arunachal Pradesh,unintentional_all,25573.160948538767,345.7503847715273,121254.0354102233,193252.50138647004,7914.552049476065,17658.608899062692,0.6905133446192812,0.30948665538071846,0.4481979353365805
Arunachal Pradesh,violence,4227.13870503697,57.2748179386879,5536.229833923502,64614.8863597558,1001.1734001447426,3225.9653048922264,0.7631557727330389,0.2368442272669608,0.31034847108443714
Assam,all_injuries,1360732.686652345,23560.59681505118,3005737.1717329454,6261867.446115429,259800.50022774588,1100932.1864245983,0.8090730804248526,0.19092691957514696,0.23598229158098952
Assam,burns,66083.54114673272,1067.16322089747,31434.57827192903,282750.63690692506,10543.70457011575,55539.83657661703,0.8404488562938188,0.1595511437061821,0.189840396011442
Assam,drowning,114261.61275183654,1898.146102875308,6471.159810153974,15187.263755752198,803.6971838819335,113457.91556795462,0.9929661662869449,0.007033833713055267,0.007083658992488418
Assam,falls,271501.8721885587,4167.183463653954,1568849.7516827935,3159937.4583583632,148889.67723437864,122612.19495418014,0.4516071803329065,0.548392819667094,1.2143137743355652
Assam,intentional_all,368412.3600968306,6431.577050277563,182321.14350071503,1578965.8103036927,33833.191414924084,334579.1686819068,0.9081648851139758,0.0918351148860251,0.10112163153555499
Assam,other_transport,33694.549400763135,674.1018935635806,8915.71401151507,35072.20420777986,2254.5411483595008,31440.00825240363,0.933088847055232,0.06691115294476793,0.07170930523490363
Assam,other_unintentional,2569.095923654704,41.407544860897495,532.3675571134971,99437.27822420267,8770.56794011961,2416.1717549638784,0.9404754928444706,3.41387328490363,3.6299439069681245
Assam,poisoning,17913.87128731421,312.6496641216945,2482.8883069571502,3437.3348659381186,331.9879155035637,17581.883371810643,0.9814675504708652,0.01853244952913458,0.018882386402121518
Assam,road,317524.72687440633,6289.789280362927,137550.2150676403,318138.2868375527,20607.42575711644,296917.3011172905,0.9350997764490105,0.06490022355099134,0.06940459744033556
Assam,self_harm,253307.04218924945,4743.144712639553,31807.707159805785,89846.01805709767,5257.370873785759,15220.120526824778,0.060085658871866655,0.02075493372923244,0.3454224205728121
Assam,transport_all,351219.27627517004,6963.891173926508,146465.92907915526,352731.4078571862,22861.96690547593,328357.3093696938,0.9349068560588782,0.06509314394112084,0.06962527177896898
Assam,unintentional_all,641101.050280344,10165.128590847107,2676950.099153073,4668284.137141375,203105.34190734604,437995.70837299817,0.6831929353125675,0.3168070646874328,0.4637153698647226
Assam,violence,110146.54554023105,1673.0441900225314,138521.84930570546,1407678.010207314,24617.5349409664,85529.01059926463,0.7765019790659267,0.22349802093407317,0.28782672415455324
Bihar,all_injuries,4123886.984292222,71534.19102939228,9971329.129448088,18409602.019952305,742050.7370746123,3381836.2472176086,0.820060360552783,0.17993963944721672,0.21942243291204042
Bihar,burns,172671.06213510525,2623.367437402628,85798.87298607468,705612.7069542949,26561.202280664627,146109.8598544406,0.8461745590011949,0.15382544099880502,0.18178925301225912
Bihar,drowning,386579.20780818927,5967.658253052032,13086.884056547871,27998.79525741074,1511.4941258962972,385067.71368229314,0.9960900790953917,0.0039099209046086665,0.003925268393556833
Bihar,falls,974234.551401094,17982.3155518301,4898862.878124916,8976784.360885365,426394.9867553233,547839.5646457712,0.5623282030573608,0.43767179694263975,0.7783209068352466
Bihar,intentional_all,697128.8982338741,11224.35251401895,519149.35409681423,4599915.132909056,86228.42609020896,610900.4721436646,0.8763092072231362,0.12369079277686303,0.14114971263261808
Bihar,other_transport,135409.94705987387,2612.304461594879,34886.24323919255,122913.55345486576,7930.950357081806,127478.99670279212,0.9414300756385723,0.058569924361428174,0.062213780796943605
Bihar,other_unintentional,90683.34569750394,5747.035987165114,571347.5557115721,243802.6570981269,22749.51473702003,308870.7662404922,3.406036288855119,0.25086761590057,0.07365382944434068
Bihar,poisoning,14013.07859796198,210.60500352935065,9813.00673426693,11838.28530226166,1151.6501521130708,12861.428445848918,0.9178160499092217,0.08218395009077901,0.08954294283577582
Bihar,road,62021.58642921435,18967.47729548264,391109.4879137348,234405.40723404533,56407.045686900114,924914.008861194,14.912775730379042,0.9094744093861231,0.06098625942140463
Bihar,self_harm,394142.0542453601,6714.671813724339,70842.01707929067,184677.76909159656,10886.442208375378,383255.6120369845,0.9723793944566022,0.027620605543397264,0.02840517363989657
Bihar,transport_all,1116731.0016079692,21579.781757077493,425995.7311529271,983635.3864201744,64337.99604398188,1052393.0055639858,0.9423872034076749,0.05761279659232374,0.06113495215554254
Bihar,unintentional_all,2310027.0844503785,38730.05675829591,9026184.044198353,13702693.083397686,591484.314940421,1718542.7695099583,0.7439491861710569,0.2560508138289435,0.3441778263738426
Bihar,violence,297302.0502860132,4065.524312009757,414272.764116982,4374453.108549765,72953.6223932307,224348.4278927825,0.7546144659175837,0.24538553408241617,0.3251800027236906
Chhattisgarh,all_injuries,1645771.4187351032,31089.09877161408,2479655.8810006343,4917638.537641125,202006.3841631562,1443765.034571948,0.8772573263434044,0.12274267365659626,0.1399163848174559
Chhattisgarh,burns,50919.936666462425,843.082303315818,23508.82539729692,219761.8843311572,8473.481194274858,42446.45547218756,0.8335920712199986,0.16640792878000135,0.19962753308876371
Chhattisgarh,drowning,120123.55963757544,2155.6782059427933,4633.442809353106,10520.17478289815,556.5645304594472,119566.9951071159,0.9953667329528133,0.004633267047185889,0.004654834136802053
Chhattisgarh,falls,267395.5030090031,5915.133191923855,1009060.9921733204,2030906.05226904,98217.53146560933,169177.9715433939,0.632688170293192,0.36731182970680837,0.5805574482870346
Chhattisgarh,intentional_all,474639.97027009807,8134.03738420799,232038.0910312704,1440723.7856904606,33477.90733451962,441162.0629355783,0.929466733879431,0.07053326612056866,0.07588573485161237
Chhattisgarh,other_transport,68516.77923595297,1344.6468860699747,9568.939717117211,37898.58921994907,2548.202460542553,65968.57677541037,0.9628090740843599,0.037190925915639494,0.03862751911744122
Chhattisgarh,other_unintentional,5774.720085466708,134.66569044454047,38727.15162950221,4467.431694971312,137.9576697506005,4460.51965865878,0.7724217958000443,0.02388993192896048,0.03092860928945722
Chhattisgarh,poisoning,10158.390182866486,174.80683503390915,2543.2031407550908,3442.1138126814417,332.317055890182,9826.073126976304,0.9672864450067413,0.032713554993258696,0.03381992496858643
Chhattisgarh,road,427133.6880982952,8321.169183531429,136473.61455029764,309979.0766254396,20589.338367488963,406544.3497308066,0.9517965008586482,0.04820349914135265,0.05064475347184679
Chhattisgarh,self_harm,292381.88184225804,5693.122735919931,33816.80111846368,99644.602094727,5951.80054948892,310108.5869906606,1.0606286033755203,0.020356256386296727,0.0191926338036817
Chhattisgarh,transport_all,495650.4673342481,9665.816069601406,146042.55426741485,347230.9816824456,23137.54082803152,472512.92650621687,0.9533188358472218,0.04668116415277871,0.04896700075299866
Chhattisgarh,unintentional_all,675480.9811307573,13289.24531780468,2101575.2357019484,3392192.4625751786,145390.93600060517,530090.0451301519,0.7847593935846714,0.21524060641532838,0.2742759222443191
Chhattisgarh,violence,143849.3733554518,2283.887216216369,129924.59534866204,1259089.1990444364,22886.67021651832,120962.70313893356,0.8408983669329912,0.15910163306700933,0.18920435491782525
Delhi,all_injuries,456728.3587921682,8306.834649177921,1320687.7002917654,3075805.995551736,115773.20845298698,340955.15033918194,0.7465162689718853,0.25348373102811633,0.3395555349077903
Delhi,burns,16180.061420401906,250.4032173425728,12235.13097767789,121591.17396036974,3646.951021485038,12533.110398916857,0.7746021521966225,0.22539784780337682,0.29098531054192395
Delhi,drowning,14118.86020947384,245.6792951925672,1081.4630313137125,2741.657012910641,129.42577761065198,13989.4344318632,0.9908331284756403,0.009166871524360479,0.009251680490804106
Delhi,falls,136404.2393157524,2657.4939678234323,677703.6459503523,1470452.5767901826,67270.132513069,69134.10680268341,0.5068325379730304,0.4931674620269696,0.9730382820315534
Delhi,intentional_all,95335.3837030484,1537.5671062496858,68398.21171711839,808574.0057052175,13627.60675260541,81707.77695044302,0.8570561503685474,0.14294384963145285,0.16678469616020464
Delhi,other_transport,17343.29137326899,347.74969069897105,4995.921806440483,21659.84901870698,1281.881950199948,16061.409423069046,0.9260877348704588,0.07391226512954154,0.07981129902328357
Delhi,other_unintentional,10319.736546974134,9.889017414638442,59062.54914601328,210451.43865585024,4914.648074927591,562.9240834668805,0.054548299843171506,0.4762377462405881,8.730569928114903
Delhi,poisoning,1505.157292513716,24.26472489725837,1791.246040983404,2570.3111592974687,224.93808804350792,1280.2192044702094,0.8505550953629275,0.14944490463707344,0.17570279156731883
Delhi,road,120321.0693340191,2415.0583904702366,63616.67466704328,153460.39838958267,1927.1651967771647,110903.21380975464,0.9217272953407696,0.01601685563005785,0.01737700045449592
Delhi,self_harm,60121.48139188229,1092.0518264890486,10251.496990099688,30866.23311749417,1574.8491491990694,56073.49245438298,0.9326698404000757,0.026194450182189095,0.028085447869690725
Delhi,transport_all,137664.360707288,2762.8080811692103,68612.59647348375,174839.90006617914,10699.737474464528,126964.62323282358,0.9222766341303471,0.07772336586965373,0.08427337633132419
Delhi,unintentional_all,223728.6143818324,4006.459461759031,1183676.8921011635,2235552.268458636,91445.86422591691,132282.75015591542,0.5912643338958491,0.40873566610415063,0.691290921288936
Delhi,violence,33650.25326047823,438.7464132397413,52297.70163863315,750284.282405997,10929.626496240096,22720.62676423814,0.6751992797309257,0.3248007202690743,0.4810442339312194
Goa,all_injuries,68684.02375855023,1315.2902531220102,128407.1657990174,339464.64351670985,14120.34411077029,54563.67964777986,0.7944158868675398,0.20558411313245895,0.2587865078367168
Goa,burns,1367.7422331595942,24.255534265719906,989.8040306404972,12916.006982026664,339.2197779311143,1028.5224552284797,0.7519855936980979,0.24801440630190197,0.3298127096853309
Goa,drowning,5219.317944021363,99.28381321056806,154.25016581118425,460.2501797126448,21.0380857342692,5198.279858287097,0.9959691887024503,0.00403081129755047,0.0040471244926781474
Goa,falls,20286.547066208484,400.25183740437257,81612.42570902943,214355.6265220564,9881.278343274786,10405.268722933704,0.5129147256541193,0.48708527434588095,0.9496418215029835
Goa,intentional_all,14138.059988842411,257.7309339054548,5460.180603328329,65170.11626878207,1197.2554425230692,12940.80454631935,0.91531685086441,0.08468314913559066,0.0925178522121791
Goa,other_transport,1784.7214686259204,35.23522556080218,351.127034727351,1923.2781996534245,109.68200932988113,1675.0394592960392,0.938543906565809,0.06145609343419099,0.06548025404486689
Goa,other_unintentional,145.18891943632403,3.3731187826738744,305.2726074095473,349.4126283023453,54.36707314839792,90.82184628792616,0.6255425458122388,0.37445745418776166,0.5986122873569624
Goa,poisoning,161.9919466718421,2.90097672867698,110.37286890537126,214.5520736864181,18.40861606641699,143.5833306054252,0.8863609182763359,0.11363908172366464,0.1282085879244915
Goa,road,20032.270909189097,398.1635187814792,4943.761421579757,14365.008800840422,853.72387757571,19178.547031613387,0.9573825712798195,0.042617428720180414,0.04451452324143509
Goa,self_harm,10219.41973287708,209.3400957108763,36.35310018129368,6106.830971783272,290.3646978381324,10528.580840555142,1.030252315274169,0.02841303179905556,0.02757871191145475
Goa,transport_all,21816.992377815022,433.3987443422811,5294.888456307109,16261.926442174476,963.405886905592,20853.58649090943,0.9558414895040598,0.0441585104959402,0.0461985705588611
Goa,unintentional_all,32728.97139189279,624.1605748742743,117652.09673938192,276124.0138980256,11959.682781341628,20769.288610551164,0.6345842147576893,0.3654157852423108,0.5758349746878618
Goa,violence,3263.7709027229857,12.336496145675174,3677.042222093776,58097.097309324025,860.7356569049068,638.3127884247784,0.195575243315096,0.26372428781284535,1.348454351085494
Gujarat,all_injuries,3165202.05440304,62661.1863205694,5662637.512986752,12274395.274086358,503554.7070217127,2661647.3473813306,0.8409091431236669,0.1590908568763341,0.18918911534885957
Gujarat,burns,134820.29200125445,2527.220944120304,60314.79294845605,613897.4275612609,20457.368009810736,114362.92399144366,0.8482619514752242,0.1517380485247754,0.1788811206973101
Gujarat,drowning,164818.7920115382,2960.504250731116,7901.212755241115,19642.010423303305,979.4717418689196,163839.3202696692,0.9940572811515301,0.005942718848469362,0.005978245882958809
Gujarat,falls,638123.3503167693,13463.2523214669,2696732.7725123027,5889329.367280948,279266.03281968506,358857.3174970847,0.5623635576396713,0.43763644236032934,0.7782091076405424
Gujarat,intentional_all,876163.2235681866,16634.85709573207,329299.1440579141,2968143.658276122,59543.80036071023,816619.4232074763,0.9320402879748623,0.06795971202513762,0.07291499402112812
Gujarat,other_transport,72338.53724646155,1478.045511963968,16167.553435325848,71515.5017625515,4449.6617788314015,67888.8754676302,0.9384883639038609,0.061511636096139855,0.06554331248207264
Gujarat,other_unintentional,56088.54275213996,95.9116567366738,16926.42321454491,789430.6466365515,19431.777314115887,11323.662136181045,0.20188904151461504,0.34644824701519816,1.7160329476828897
Gujarat,poisoning,34154.99552931399,658.9746849290743,5098.925224163189,7582.129397123545,694.9938613541289,33460.00166795989,0.9796517654128338,0.020348234587167228,0.020770885436614615
Gujarat,road,829702.556030037,3739.3001344349686,308958.3532539465,764576.9238486737,48557.79347498816,781144.7625550483,0.9414756612208981,0.0585243387791013,0.06216234916068611
Gujarat,self_harm,646077.4607076116,12852.420046352225,66937.64414836596,209128.7796385552,11459.748190021352,634617.7125175906,0.9822625785807946,0.017737421419205902,0.018057718787204045
Gujarat,transport_all,902041.0932764984,18693.562228519208,325125.90668927226,834849.8810436745,53007.45525381956,849033.6380226784,0.9412360970593034,0.05876390294069611,0.062432691568344766
Gujarat,unintentional_all,1386997.7375583574,27332.766996318107,5008212.4622395625,9142332.522482824,391003.4514071824,995994.2861511736,0.7180936631551409,0.2819063368448581,0.3925759985211755
Gujarat,violence,227981.65043654267,3771.947964080533,253821.2201006976,2736178.9278308945,46660.10706406852,181321.54337247435,0.7953339359780804,0.20466606402192042,0.2573334982496724
Haryana,all_injuries,1352668.5956647734,25307.562546202145,2627836.4628664395,5614010.690243571,235599.40952316727,1117069.1861416046,0.825826214729719,0.17417378527027988,0.21090852065925814
Haryana,burns,44313.03473737359,773.3552245512728,23903.2343620018,237278.27705060825,7617.365458421087,36695.669278952526,0.8281010203077654,0.171898979692235,0.207582137295699
Haryana,drowning,70216.94962112153,1197.4679160577764,2642.711809811637,6692.5795830214565,328.7668414688874,69888.18277965259,0.9953178421557344,0.004682157844264899,0.004704183574288118
Haryana,falls,284949.9819036226,5294.872962668687,1465033.0154827726,3141684.728226161,145876.9457865673,139073.0361170553,0.48806122108859573,0.5119387789114042,1.0489232841928124
Haryana,intentional_all,337063.55473323807,6208.05616833977,147553.17614047322,1262623.3738669076,25370.03463595028,311693.5200972876,0.9247321928470462,0.0752678071529533,0.0813941676683931
Haryana,other_transport,43338.7476984643,871.5523855937106,7433.739981747888,32365.06911289725,1996.039858739951,41342.70783972431,0.9539432963631591,0.046056703636839974,0.04828033680034011
Haryana,other_unintentional,960.574479669167,65.24657144825375,494.6814494442517,2601.4741737653007,7719.952434687685,13424.808273998098,13.975811931441026,8.036807762524075,0.5750512243545489
Haryana,poisoning,24786.86836386661,459.00615606785215,2423.9314746898194,3445.8522786476738,308.4546569195637,24478.41370694706,0.987555722958161,0.012444277041839525,0.012601088477887079
Haryana,road,389556.6908617457,7657.69712652339,148280.51199546584,353577.3192736688,22205.332677343664,367351.3581844023,0.9429984564551502,0.05700154354485051,0.060447122850154474
Haryana,self_harm,236590.9588101607,4302.082704288607,28275.714603381028,84851.29843932162,4529.795591642483,232061.16321851817,0.9808538939339723,0.01914610606602751,0.019519834895324748
Haryana,transport_all,432895.4385602104,8529.249512117098,155714.25197721375,385280.0331282234,24201.37253608361,408694.06602412654,0.9440941844603943,0.055905815539605185,0.05921635410937169
Haryana,unintentional_all,582709.6023713254,10570.25686574526,2324569.034748751,4297420.34791514,186028.00235113347,396681.60002019216,0.6807534978073196,0.3192465021926808,0.4689605021802477
Haryana,violence,99382.00148860554,1574.3299596997406,114761.53381130948,1164182.6838633574,20119.05095812156,79262.95053048407,0.797558404371357,0.2024415956286438,0.25382667215225463
Himachal Pradesh,all_injuries,243696.17342354785,4452.455766962832,658420.6045581157,1580163.248269438,67095.62553202592,176600.54789152186,0.7246750960860895,0.27532490391391023,0.37992875069243776
Himachal Pradesh,burns,6440.0645861710655,104.96802888861411,4706.061527470763,55582.28175702766,1791.3131680195856,4648.751418151484,0.7218485709186645,0.27815142908133617,0.3853321046647571
Himachal Pradesh,drowning,7723.590366950656,137.3158961178779,563.0184807608621,1601.936158837818,77.62502974581746,7645.965337204835,0.9899496184989329,0.01005038150106665,0.010152417166750475
Himachal Pradesh,falls,79667.72920665123,1518.164960679707,362190.58860089374,906262.1969397756,43139.043557081335,36528.68564956987,0.45851295139613685,0.5414870486038628,1.180963475415637
Himachal Pradesh,intentional_all,49933.75133091184,862.3804516231503,28167.59738061245,323289.18552861776,6104.669987607124,43829.08134330474,0.877744615117111,0.12225538488288953,0.13928354874222487
Himachal Pradesh,other_transport,4564.449189316218,84.49087243914781,1753.3532740809574,8931.047941169543,547.2132630316104,4017.2359262846094,0.8801140640775575,0.11988593592244287,0.13621636196450812
Himachal Pradesh,other_unintentional,5696.8712666629735,43.28318514117871,130.08390448020566,12524.505413838073,453.1135551075759,396.6019685742576,0.0696175058220287,0.07953726421011333,1.1424894251949165
Himachal Pradesh,poisoning,331.47284444708606,4.559667481769079,540.6013360173112,949.1190061792848,85.23003668798148,246.24280775910432,0.7428747539480953,0.25712524605190396,0.34612193332103636
Himachal Pradesh,road,61618.91356537554,1177.4377018892828,1297.088956192185,87139.78100721791,5412.672174945479,21136.336669365475,0.34301702912922266,0.08784108420222017,0.2560837414550878
Himachal Pradesh,self_harm,38469.98649459756,726.9049982309034,7073.820446950534,25718.80285964701,1363.7007811043304,34523.62998368617,0.8974172628975167,0.035448434100590044,0.03950050390844575
Himachal Pradesh,transport_all,66183.36275469179,1261.928574328429,33197.13906445829,95922.56093296169,5959.885437977086,60223.47731671461,0.9099488876068832,0.09005111239311553,0.09896282485705887
Himachal Pradesh,unintentional_all,127579.05933794424,2328.1467410112555,597055.8681130451,1247595.8981954583,55031.07010644176,72547.98923150248,0.5686512316988486,0.43134876830115143,0.7585471449916581
Himachal Pradesh,violence,11298.653869472995,134.78010151696017,20532.91104474826,295878.8017499747,4620.960324181656,6677.693545291337,0.5910167372533915,0.40898326274660823,0.6919994595199788
Jammu & Kashmir and Ladakh,all_injuries,378993.202423724,6148.615929227012,1164009.775777409,2617855.1953765964,106499.4096749253,272493.7927487987,0.7189938790620939,0.28100612093790606,0.39083242447692346
Jammu & Kashmir and Ladakh,burns,9654.849795950364,146.02616996323584,9130.775153747754,84881.8642076271,2723.615696019044,6931.234099931316,0.7179018054572488,0.28209819454275087,0.392948161431459
Jammu & Kashmir and Ladakh,drowning,14417.137706370571,255.731919047666,1248.0515855974909,3018.722658531312,148.37731359878785,14268.76039277178,0.9897082682692815,0.010291731730718201,0.010398752905960375
Jammu & Kashmir and Ladakh,falls,83643.96446093288,1309.37784828848,496724.42999238265,1043107.0559576307,48011.99558638552,35631.96887454747,0.4259956962129634,0.5740043037870379,1.347441556076384
Jammu & Kashmir and Ladakh,intentional_all,90246.41047739572,1111.4552595335372,139856.85711413884,998258.5255785248,28644.468207692484,61601.94226970321,0.6825971464552912,0.31740285354470854,0.4649929393830213
Jammu & Kashmir and Ladakh,other_transport,6902.216877293457,129.2013401343484,3100.5411633024787,13116.55940305301,786.4318339013054,6115.78504339215,0.8860609789749626,0.11393902102503713,0.1285904962848575
Jammu & Kashmir and Ladakh,other_unintentional,7173.745372734431,1.891587858447613,3578.391163279521,2656.5144212765,3285.7052955736526,972.5193322272684,0.1355664693541487,0.45801810976756674,3.3785501086633567
Jammu & Kashmir and Ladakh,poisoning,459.65036243943655,5.949935701038672,1076.394530922914,1516.224818517035,137.87018322371486,321.78017921572155,0.7000542271042357,0.299945772895764,0.4284607695842156
Jammu & Kashmir and Ladakh,road,125103.00374797068,2432.402017651997,73509.7492036443,169423.86698008075,10627.094113123048,114475.90963484751,0.9150532457675258,0.08494675423247328,0.0928325806453174
Jammu & Kashmir and Ladakh,self_harm,33795.84675499204,608.7189619183636,9519.532858659752,25098.60830951881,1372.864100651235,30647.46301133407,0.9068411048705884,0.040622272630244045,0.044795358759174335
Jammu & Kashmir and Ladakh,transport_all,132005.2206252641,2561.603357786349,76610.29036694679,182296.61237066303,11413.525947024344,120591.69467823971,0.9135373139565058,0.0864626860434938,0.09464603659047731
Jammu & Kashmir and Ladakh,unintentional_all,156741.57132106417,2475.557311907131,947542.6282963236,1617830.4106352692,66441.41552020848,90300.15580085576,0.5761085271748868,0.42389147282511364,0.7357840629504077
Jammu & Kashmir and Ladakh,violence,19316.47929540397,220.3380728043903,40192.83212419822,536509.8197802169,8181.691681533109,11134.78761387084,0.57643980787535,0.42356019212464896,0.7347865056124647
Jharkhand,all_injuries,1545430.9580965394,28136.5060734666,2933268.098510553,5916246.631578997,233109.01646582183,1312321.941630716,0.849162451907307,0.150837548092692,0.17763096773049164
Jharkhand,burns,68569.54270988533,1167.105149042235,31099.114187819323,271828.644808456,9371.521256224016,59198.02145366129,0.8633282229126928,0.13667177708730688,0.15830801479674123
Jharkhand,drowning,164081.65105933906,2742.553844698998,4890.51681101834,10928.942329375128,558.7925258067148,163522.85853353224,0.9965944240431568,0.003405575956842555,0.003417213537103915
Jharkhand,falls,281731.8867859512,5278.388908827498,1393027.3518238375,2727602.6860657707,128497.50785342562,153234.37893252535,0.5439014400558315,0.45609855994416765,0.838568399262464
Jharkhand,intentional_all,341398.7553243621,5982.82375268738,171568.42384214554,1531219.7702485838,29374.099160250964,312024.6561641111,0.9139595598925289,0.08604044010747113,0.09414031417056187
Jharkhand,other_transport,31673.166240670427,604.2910019700504,10259.019600310025,39065.35078156902,2406.322726959871,29266.843513710548,0.9240264548016673,0.07597354519833241,0.08222009749129894
Jharkhand,other_unintentional,2516.821993286062,616.9480960355409,12140.71857671726,856773.035933356,9488.217311844124,10576.210305791688,4.202208314296781,3.769919897853377,0.8971282753944706
Jharkhand,poisoning,9612.018877446317,161.1927236449513,2830.167605733968,3648.643433868416,340.49704227434125,9271.52183517197,0.9645759078695434,0.03542409213045607,0.03672504345323862
Jharkhand,road,409858.9920449179,18.38258673163194,125624.65252881889,70829.33907998612,18172.973645708546,391686.0183992093,0.9556604246864567,0.04433957531354321,0.04639678924455893
Jharkhand,self_harm,236783.8805905741,4090.444833366484,30570.70988295217,82847.19609698495,4748.038567325768,232035.84202324823,0.9799477964653526,0.020052203534647105,0.020462522194523942
Jharkhand,transport_all,441532.1582855882,8691.265855560474,135883.67212912888,325545.70415951463,20579.296372668403,420952.8619129198,0.9533911721117322,0.04660882788826782,0.04888741290212568
Jharkhand,unintentional_all,762500.0444865878,13462.41646521871,2625816.0025392794,4347674.465586579,183155.62093290256,579344.4235536857,0.7597959209874856,0.24020407901251503,0.31614289097568266
Jharkhand,violence,100212.78993309718,1513.7898715782962,120488.71249732537,1408928.8317998648,22589.637232159264,77623.15270093792,0.7745832917411013,0.22541670825889865,0.2910167449548376
Karnataka,all_injuries,3150010.7275216496,56306.7501572329,6432389.8485703645,14348093.680611065,609135.4542067391,2540875.2733149114,0.8066243238841314,0.1933756761158689,0.23973449645642797
Karnataka,burns,74238.99457568963,1177.7603544892147,52750.56688091407,560754.0293043801,18203.293640949723,56035.70093473989,0.7548014524578353,0.24519854754216444,0.32485171662525614
Karnataka,drowning,240462.3958535448,4152.756546687075,9636.44482983369,25132.90521224492,1229.6362605990023,239232.7595929457,0.994886367757277,0.00511363224272256,0.00513991588230319
Karnataka,falls,754464.5236955317,12953.357745891548,3729145.2122455775,8546833.539806362,395464.1141713883,359000.4095241437,0.47583471223495233,0.5241652877650481,1.1015700920664058
Karnataka,intentional_all,1022009.1360740076,18552.151703777312,288263.31733338727,2921138.36659441,57843.09905529955,964166.037018708,0.9434025616664242,0.05659743833357563,0.05999288175940718
Karnataka,other_transport,54310.25859879707,1040.2664240441106,15809.58430010084,73190.92747696296,4509.949746175136,49800.308852621936,0.9169595236234979,0.08304047637650225,0.09056067823839795
Karnataka,other_unintentional,45772.88960319168,591.7387384820955,1078.8202215841486,743259.7450798943,319.5568050206216,40263.9056284174,0.8796452655156352,0.006981355291109682,0.007936557570189745
Karnataka,poisoning,8976.742611859152,151.33814117320028,4863.680347133439,7709.549461755573,698.9674329534334,8277.775178905718,0.9221357386330729,0.07786426136692717,0.08443904525634068
Karnataka,road,5395.111858850089,12706.073239283136,311167.8628665084,781661.200399291,49246.50906981399,611257.0441751712,113.2983078325746,9.127986658706712,0.08056595754453368
Karnataka,self_harm,885616.7704971257,15397.624602924883,94018.00705971329,300031.9746347518,828.2542981599543,869157.3022080808,0.9814146831481007,0.0009352287871592901,0.000952939469133823
Karnataka,transport_all,714813.8118437823,13746.339663327237,326977.44716660946,853560.1205309229,53756.45881598904,661057.3530277931,0.9247965583130936,0.07520344168690622,0.0813189030721347
Karnataka,unintentional_all,1413187.779603858,24008.2587901283,5817149.084070368,11403746.611496214,497535.89633545047,915651.8832684096,0.6479336267152574,0.35206637328474405,0.5433679604955339
Karnataka,violence,134989.8407873748,1876.719715008961,188678.0176393516,2613095.471039285,40463.86606572059,94525.97472165406,0.7002451011890873,0.29975489881091155,0.42807139714636666
Kerala,all_injuries,943415.1261340368,18827.32975765477,2656278.614293921,7181142.939805317,294445.83653406263,648969.2895999739,0.6878936659192073,0.31210633408079247,0.4537130512224387
Kerala,burns,31371.29354136112,611.3303379879742,27778.759758143013,368036.5703978523,9964.261633036958,21407.031908324163,0.6823764496704705,0.31762355032952955,0.46546675296739
Kerala,drowning,46832.22825547544,983.6279877286948,3361.5274629166133,9452.738701241087,429.0512823850797,46403.17697309033,0.9908385464803301,0.00916145351966926,0.00924616180124673
Kerala,falls,305277.3032487988,5769.432884590196,1516305.1502531753,4105268.196433193,190530.50000697232,114746.80324182688,0.37587728278741067,0.6241227172125905,1.660442771598897
Kerala,intentional_all,213258.3220770677,4247.052436931598,130473.01551081786,1431570.427424362,26336.74507260863,186921.577004459,0.8765030840714807,0.12349691592851887,0.14089729765109124
Kerala,other_transport,25141.451678670062,551.7021295975235,8935.820448235716,47399.77904692431,2746.9452192044164,22394.50645946565,0.8907403894447785,0.10925961055522172,0.12266156542348558
Kerala,other_unintentional,3610.655736466497,18.588005849093324,696.0801081038295,8522.307640913334,9466.683574539036,4532.522580801007,1.2553183996535429,2.621873771827229,2.088612556424604
Kerala,poisoning,10352.26301123527,247.39258283049665,2520.9364771103064,4557.339446623222,387.743353894571,9964.519657340688,0.9625450634828572,0.03745493651714168,0.0389123979106135
Kerala,road,214804.72115019624,4731.947596958879,120821.43151922982,365490.2726544928,4721.737172662233,192954.0600173212,0.8982766253186932,0.02198153349413903,0.02447078424905063
Kerala,self_harm,159726.59115927876,189.1390785647484,696.0969209324369,111952.40270685444,5299.067368867969,163074.87306179648,1.020962582862479,0.033175862142977554,0.03249468952129683
Kerala,transport_all,239946.1728288662,5283.649726556402,129757.25196746568,412130.8557229515,24597.606352079463,215348.5664767868,0.8974869819256386,0.10251301807436164,0.11422228972548526
Kerala,unintentional_all,490210.6312281027,9296.627594166774,2396048.3468156382,5713283.981420714,243511.4851093744,246699.1461187282,0.5032513177053788,0.49674868229462094,0.9870787513475231
Kerala,violence,43980.35197803084,565.3222350904771,97953.924022961,1309861.0560666053,20471.81818324456,23508.533794786275,0.5345235483001434,0.46547645169985646,0.8708249677308587
Madhya Pradesh,all_injuries,3994664.829502119,67773.38755463355,7123060.599521887,14382574.542060925,581582.8971773802,3413081.932324741,0.8544100889561078,0.14558991104389266,0.1703981646819854
Madhya Pradesh,burns,185464.23834135904,2970.98006236146,79190.10965998787,732901.8643293848,27004.406276903574,158459.8320644556,0.8543956154652302,0.14560438453477054,0.1704179912668289
Madhya Pradesh,drowning,361627.8695920633,5517.013287833091,13089.12821118071,30815.2553830973,1636.8633866665484,359991.00620539667,0.9954736248936977,0.004526375106302019,0.004546956336271965
Madhya Pradesh,falls,634321.0692170927,10600.274063926008,3059332.118835424,6279697.720310078,298651.5774434431,335669.49177364924,0.529179161883977,0.47082083811602254,0.8897191575719122
Madhya Pradesh,intentional_all,1133268.31470036,19164.649391772607,436987.77552625845,3707679.646530117,76246.68854234905,1057021.6261580116,0.932719650277606,0.06728034972239468,0.07213351804303682
Madhya Pradesh,other_transport,103740.02328895332,1901.136273375404,23526.517006286907,94042.0170593032,6132.456969749595,97607.56631920362,0.9408862965774684,0.059113703422530514,0.06282768028141152
Madhya Pradesh,other_unintentional,17611.845577732336,4382.303414894705,22765.531579745377,989050.7963137622,3218.308108980044,8219.537573660507,0.4667050671880146,0.18273542626612255,0.39154369453740395
Madhya Pradesh,poisoning,20581.33748047084,326.2985863054696,7024.993719815104,9433.72597350065,897.4953980517773,19683.84208241904,0.9563927563549545,0.04360724364504446,0.045595539442647263
Madhya Pradesh,road,955825.7733079422,17536.853175533815,380922.9289372476,888507.787719342,57863.87071025696,897961.9025976857,0.9394619057927263,0.06053809420727425,0.06443911544895657
Madhya Pradesh,self_harm,779753.4945633411,14856.556680311864,93614.75684028404,272398.5834287449,15144.305965499403,764609.1885978426,0.9805780851626971,0.019421914837304006,0.01980659687502758
Madhya Pradesh,transport_all,1059565.796596896,19437.989448909204,404449.4459435344,981005.8472127282,63996.32768000657,995569.4689168888,0.939601365119986,0.060398634880013506,0.06428112721217755
Madhya Pradesh,unintentional_all,1801830.7182048648,29170.74871395172,6281623.378052093,10451078.125398124,441339.8809550247,1360490.8372498397,0.7550602970101847,0.24493970298981504,0.32439754011660227
Madhya Pradesh,violence,287726.61980170297,4288.588186399164,329958.9536733173,3425664.216330491,59165.35907057763,228561.26073112545,0.7943695334434004,0.20563046655659994,0.2588599611382897
Maharashtra,all_injuries,3990334.4914333406,71147.01165740879,11481326.69707478,25943719.101681866,1077043.4830655633,2913291.0083677764,0.7300869174306521,0.2699130825693477,0.36969993041271776
Maharashtra,burns,135777.11979746915,2373.338905115806,102723.0090447772,1101760.357772417,32572.128621858443,103204.99117561078,0.7601059098142284,0.23989409018577207,0.3156061373663082
Maharashtra,drowning,210860.23998548908,3775.53602218372,13725.475872195912,36352.202552809744,1718.570541248061,209141.66944424104,0.9918497174177251,0.008150282582275015,0.008217255536951936
Maharashtra,falls,1104161.7672745346,16483.74528743251,6536784.37139813,15087151.170028104,697743.9941248929,406417.7731496413,0.3680781070266773,0.6319218929733224,1.716814667620322
Maharashtra,intentional_all,1013665.385529486,19064.92368642635,607173.5317570968,5457999.961308173,105214.93862493576,908450.4469045504,0.8962034808261932,0.103796519173807,0.11581802726108466
Maharashtra,other_transport,111328.0217003696,2282.163001816489,31866.011199590444,150329.6478052156,8968.251876162925,102359.76982420664,0.9194429961191596,0.0805570038808401,0.08761500628191195
Maharashtra,other_unintentional,71263.79963275559,798.7932652078791,29141.108200663657,29008.3165675217,34712.694140968226,6787.855829748458,0.09524970412366979,0.4871013659088272,5.11394098690729
Maharashtra,poisoning,46055.44526354535,859.7537767321911,9017.635000982116,14399.788515787415,1272.388781603348,44783.05648194201,0.9723726744075042,0.027627325592496064,0.028412280928534137
Maharashtra,road,870626.9438926518,17735.866456942338,495910.3602345473,1283724.155529049,78672.73669986486,791954.2071927866,0.9096366850902726,0.09036331490972695,0.09934000726978073
Maharashtra,self_harm,744786.933283187,15231.626408605074,121986.40034584791,402984.5513493427,20337.775347491384,724449.1579356954,0.9726931630529041,0.02730683694709564,0.02807343362154427
Maharashtra,transport_all,981954.9655930216,20018.02945875884,527776.3714341373,1431595.8716491817,87640.98857602791,894313.9770169925,0.9107484643930682,0.08925153560693064,0.09799800833747081
Maharashtra,unintentional_all,1994714.140310831,32064.05851222357,10346376.793883542,20516444.567009885,884187.5558645991,1110526.5844462323,0.5567347029851515,0.44326529701484874,0.7961876539006962
Maharashtra,violence,259646.1439670515,3743.635577976223,433222.0318229049,4994694.000477708,81426.272332544,178219.87163450752,0.6863952181670883,0.31360478183291185,0.4568866063349693
Manipur,all_injuries,136453.96557296437,2376.9126291251896,228907.94568303035,542631.9778215815,21087.85067664792,115366.1148963165,0.8454581324324223,0.1545418675675781,0.18279068074365074
Manipur,burns,2699.643675604077,41.36648371970538,1812.4356336737949,17818.387307380188,612.0596676421593,2087.58400796192,0.773281313688481,0.2267186863115199,0.29319043703525244
Manipur,drowning,13024.29205176939,218.7999431724845,444.3331620395829,1082.5833153932,54.64060674855499,12969.65144502082,0.9958047157932745,0.004195284206724457,0.00421295876609946
Manipur,falls,17615.921333347513,294.6145155081694,92528.48677392908,202495.8188224233,9320.809832907022,8295.111500440486,0.4708871789031874,0.5291128210968123,1.1236509397627832
Manipur,intentional_all,36619.40478727604,595.2862738547026,22250.471096471603,187682.62126122863,4620.399195063177,31999.00559221284,0.8738264801980444,0.12617351980195493,0.14439196186107672
Manipur,other_transport,2876.1626043028305,53.39390558550067,863.2468091901726,3709.442046948025,228.24940740923927,2647.913196893592,0.9206409932916275,0.07935900670837279,0.0861997318027686
Manipur,other_unintentional,192.6542254056563,2.9304034951115594,57.93380914659856,240.9124797935301,126.27925360823342,1807.7566103118395,9.383425702215426,0.6554709783413133,0.06985412355175963
Manipur,poisoning,2324.2444215491696,42.07110454187513,355.2721988783702,519.0413839057366,47.7066466046538,2276.537774944514,0.9794743417850786,0.020525658214920472,0.020955789589661676
Manipur,road,47608.46823077671,920.3473399607616,4971.595188823763,37795.1977347815,2387.1548560228684,45221.313374753845,0.9498586082532335,0.05014139174676663,0.05278826902350804
Manipur,self_harm,1031.19076795849,305.7929652507605,3170.891166168675,9442.772221755196,491.60589796415934,17592.649803317836,17.060519110491125,0.4767361318967401,0.027943823327367452
Manipur,transport_all,50484.63083507955,973.7412455462628,16680.723587847937,41441.08667740392,2615.404263432109,47869.22657164748,0.9481940499480737,0.051805950051927084,0.05463644288293536
Manipur,unintentional_all,49349.92995060882,807.8851097242256,189976.7509987108,343030.6490782211,13852.047218152637,35497.8827324562,0.7193096883416806,0.2806903116583197,0.3902217865373565
Manipur,violence,16306.928710288705,259.65381438449054,14819.857406596844,144174.72647034482,2564.8915612275136,13742.03714906117,0.8427115487658176,0.15728845123418117,0.1866456576565682
Meghalaya,all_injuries,105683.08227277805,1649.075743430433,255536.3304071659,498706.5406941026,18907.728961081844,86775.35331169615,0.8210902960581784,0.17890970394182112,0.21789284905779044
Meghalaya,burns,5621.041113163575,79.75905943145867,3277.739091927886,25883.04153358888,923.024160965023,4698.016952198545,0.8357912453613877,0.16420875463861115,0.1964710154000344
Meghalaya,drowning,8429.894105104755,125.09532725115432,275.7093999955878,570.1455565579165,29.40858339187359,8400.485521712877,0.9965113934973312,0.0034886065026682967,0.0035008194842858463
Meghalaya,falls,22750.12226418824,348.4077157141375,125669.16804009269,222507.1684869885,10256.55863085874,12493.563633329491,0.5491646808859593,0.4508353191140404,0.8209474039494209
Meghalaya,intentional_all,22965.62073963482,352.0023773028486,14077.297422488293,135227.26164260117,2428.962838302624,20536.6579013322,0.8942348275345923,0.10576517246540783,0.11827449480692077
Meghalaya,other_transport,1570.1487405956625,24.718528001093823,1000.468973279146,3517.159277881923,217.42668704079944,1352.722053554861,0.8615247833410248,0.13847521665897394,0.16073271406303827
Meghalaya,other_unintentional,273.92584076207595,1.1987525503950034,20875.582405061363,10384.601278802847,14.076142252173923,1637.6891117747805,5.978585690268009,0.05138668996328847,0.00859512477122075
Meghalaya,poisoning,383.1618329899901,5.813461775752514,318.158410049231,383.7788039667175,37.2543649818346,345.9074680081554,0.9027712006409365,0.09722879935906312,0.10770037778125179
Meghalaya,road,30334.157195214186,535.2733848660648,9396.895239100995,19328.114089063427,1240.308683965627,29093.84851124855,0.9591118132610812,0.04088818673891854,0.04263130343467921
Meghalaya,self_harm,14104.72158230695,236.1475791794365,2103.566351475249,5192.17268972599,293.4398494995632,13811.28173280739,0.9791956297905482,0.02080437020945213,0.02124638792955216
Meghalaya,transport_all,31904.30593580986,559.9919128671587,10397.364212380124,22813.88398405441,1457.735371006426,30446.57056480343,0.954309133884958,0.04569086611504193,0.047878475111137284
Meghalaya,unintentional_all,50813.15559733335,737.0814532604262,231061.66877229745,363127.4639323649,15021.030751772792,35792.12484556057,0.7043869727200907,0.2956130272799095,0.4196741829826264
Meghalaya,violence,8484.643969521592,113.52594033101558,10169.22701896372,125389.86265057656,1910.9583739828831,6573.685595538713,0.7747744771793142,0.22522552282068622,0.29069817018321825
Mizoram,all_injuries,29763.013040846454,481.1202098315164,90852.3908184436,199407.4610270681,7325.081281525083,22437.93175932138,0.7538864337601772,0.2461135662398231,0.32645973613330154
Mizoram,burns,441.5655221650815,4.266166410697363,815.2595573982056,7755.786353544428,239.35920732993625,202.2063148351454,0.4579304875156207,0.5420695124843796,1.183737548083406
Mizoram,drowning,1496.6644215662393,25.9608539561008,98.67623885841437,235.5926927790128,11.361406899715844,1485.3030146665246,0.9924088481452474,0.007591151854753307,0.007649218231921969
Mizoram,falls,6255.605783497284,81.04952817760041,43527.144937704565,92150.12108892156,4070.586416421713,2185.0193670755666,0.3492898118420117,0.6507101881579875,1.8629520990790083
Mizoram,intentional_all,4846.376540727301,75.12026458362985,3497.267479379131,48538.7407568976,753.7159861755728,4092.6605545517314,0.8444784510981355,0.1555215489018651,0.18416283884997817
Mizoram,other_transport,931.5409592956275,17.032606309873678,328.72428936913565,1374.792983855592,80.30401513479663,851.2369441608308,0.9137944345512005,0.08620556544879943,0.09433802854264296
Mizoram,other_unintentional,102.25658536760363,0.1095521253073812,9520.858943556565,681.4231834200929,13.013892892716656,51.78328336799916,0.5064053643278104,0.1272670395352322,0.25131455648018897
Mizoram,poisoning,765.5649238856041,13.547396853575735,147.5492136722242,212.9865667870652,19.28258874745995,746.2823351381435,0.9748126015889125,0.025187398411086668,0.025838195331114963
Mizoram,road,11053.413598450572,209.9941140832329,4522.242133268711,10502.836090730274,86.25235184398528,353.537041994664,0.031984421721469064,0.007803232103435976,0.24396977289097505
Mizoram,self_harm,3247.3671485253617,57.22984149000756,670.5436882227192,1907.4045256221525,97.27999942176189,2944.534468694919,0.9067451673987772,0.029956575580293406,0.03303748027268925
Mizoram,transport_all,11984.954557746209,227.02672039310653,4850.96642263785,11859.01034727915,726.5184040965363,11258.436153649667,0.9393807960976396,0.06061920390236,0.06453102315289318
Mizoram,unintentional_all,12931.681942372965,178.97322485478,82504.1569164267,148334.3176605823,5844.846891252979,7086.83505111998,0.5480211377530636,0.4519788622469359,0.8247471331125844
Mizoram,violence,1567.643984616005,17.773894499123113,2739.0817691571465,46111.10113917119,632.6229483886333,935.0210362273712,0.5964498606846662,0.4035501393153335,0.6765868615546281
Nagaland,all_injuries,58380.46775981457,960.7437285090704,151916.3253577566,287152.6536547895,11007.14216077631,47373.32559903832,0.8114584794684897,0.18854152053151124,0.23234894366376835
Nagaland,burns,2129.144574705705,32.07545539204863,1455.6165242446762,12231.592917945309,387.94442680610666,1741.200147899598,0.8177932905943085,0.18220670940569134,0.22280289102552758
Nagaland,drowning,7515.733984118334,120.002710528683,239.4132771247704,562.5305538758021,27.87325312891322,7487.860730989421,0.9962913465021763,0.003708653497823741,0.003722458807701427
Nagaland,falls,12937.439822244687,216.8742048548964,71523.97420375493,137740.8731689058,6232.46729429777,6704.972527946919,0.5182611567721739,0.4817388432278263,0.9295291320464468
Nagaland,intentional_all,10486.00793393394,154.83987347069697,20742.65441223032,78007.44571170032,1554.1574891786424,8931.850444755297,0.8517874963503308,0.148212503649669,0.1740017366828203
Nagaland,other_transport,769.2448395255285,12.69968426368295,435.92287936541743,1704.568057959542,101.55523461799903,667.68960490753,0.8679806098138559,0.13201939018614472,0.15209946938153046
Nagaland,other_unintentional,93.57654883820614,0.9134824377204834,11892.996845210184,1512.6770238356012,60.68828231344349,32.888266524762635,0.3514584255679962,0.6485415744320037,1.8452867458900373
Nagaland,poisoning,377.6083069182709,6.281220088734536,163.9929232991084,227.9455664010604,21.47588056857206,356.1324263496987,0.9431265674639397,0.056873432536059844,0.060303075428139064
Nagaland,road,16621.561053275855,301.2403914005092,5766.238217664424,13141.838928275709,817.3740557258787,15804.186997549989,0.9508244711127916,0.04917552888720923,0.05171882969067567
Nagaland,self_harm,3435.064710654221,57.360015084047575,1074.6545052835188,2779.708714157062,141.1422551214893,3293.9224555327287,0.9589113256924318,0.04108867430756734,0.042849295035593746
Nagaland,transport_all,17390.805892801392,313.94007566419225,6202.161097029843,14826.422591191367,918.9292903438774,16471.876602457516,0.9471600513507974,0.0528399486492027,0.05578777163779736
Nagaland,unintentional_all,30503.653933079266,491.9637793741812,124971.50984849651,208501.7192926416,8534.055381253776,21969.598551825464,0.720228422471081,0.2797715775289182,0.3884483988691126
Nagaland,violence,4931.847478542638,69.53790515910228,5612.083527501986,68625.27959689636,1062.195356924024,3869.6521216186215,0.7846252623290988,0.2153747376709028,0.27449375900997597
Odisha,all_injuries,1973309.9947253969,37824.03671507809,3553153.950073481,7855679.395850999,323799.77433786413,1649510.2203875354,0.8359103358299662,0.16408966417003512,0.19630055657478176
Odisha,burns,101867.229743779,1856.450466576848,39724.35939205992,416500.5547798191,15142.923143488655,86724.3066002903,0.8513464714650939,0.1486535285349058,0.17460990738481114
Odisha,drowning,114913.58958607404,2011.461772799168,6348.5978708833945,16883.465408719407,869.6758789735017,114043.91370710052,0.9924319144314772,0.00756808556852265,0.007625798262300029
Odisha,falls,369209.48272378993,7435.6700930914,1505597.2887665585,3455215.6418584213,167862.5410656594,201346.9416581301,0.5453460733801363,0.4546539266198626,0.8336979925459989
Odisha,intentional_all,537505.5938083084,9805.777915876257,230913.0796585884,2003278.248176294,42430.73111445866,495074.86269385007,0.9210599264394066,0.07894007356059407,0.08570568677953146
Odisha,other_transport,51647.33067809971,1053.527954448311,11604.3795510038,53095.86411903009,3450.424793110161,48196.90588498959,0.9331925823114567,0.06680741768854402,0.07159017222690137
Odisha,other_unintentional,37644.624447106784,65.12097509002307,283162.9618767064,7300.590080545866,13673.1183629496,3595.1052645934424,0.09550115899402332,0.3632156931771559,3.8032595311213635
Odisha,poisoning,23579.109508385747,428.9513050022986,3016.7975367091967,4692.463698078289,437.8931159233137,23141.216392462426,0.9814287678774473,0.01857123212255238,0.018922649030063285
Odisha,road,465114.17257981247,9413.201605552476,188701.67857032685,147268.36123828564,32418.325627328813,432695.8469524837,0.9303002842344782,0.06969971576552186,0.07492173972931342
Odisha,self_harm,396602.49661075056,7652.434110643331,41932.29046975249,9207.682711240488,8014.294727142535,388588.201883608,0.9797926266333914,0.02020737336660854,0.020624132920903808
Odisha,transport_all,516761.5032579123,10466.729560000776,200306.0581213308,554105.1141204478,35868.75042043897,480892.75283747306,0.9305893527395028,0.06941064726049671,0.07458783732713373
Odisha,unintentional_all,919042.8976591772,17551.529239201045,3121934.8122935616,5715174.852600597,245500.29280296643,673542.6048562116,0.7328739567780129,0.26712604322198796,0.36449111167269965
Odisha,violence,137405.85627831315,2124.8415107210803,171269.27164427936,1838075.4660972625,32760.05482687647,104645.8014514368,0.7615818152574121,0.2384181847425888,0.3130565619689912
Other Union Territories,all_injuries,153883.906312941,2879.805759764345,305918.43224543,734317.0400201783,30011.03741417389,123872.86889876716,0.8049761139209525,0.19502388607904794,0.24227288574950065
Other Union Territories,burns,3261.2820193976463,49.57842572730267,2401.0720599187785,26417.2831618103,823.6607536421722,2437.6212657554747,0.7474426471727519,0.2525573528272483,0.3378952937493761
Other Union Territories,drowning,8727.718487339936,151.90345896282955,333.2220092947248,914.9424129929242,44.511394071633546,8683.2070932683,0.9948999965871719,0.0051000034128277525,0.005126146778894774
Other Union Territories,falls,44587.20704671928,934.9810943310443,175369.5621554266,405954.95593628543,18977.39528962413,25609.81175709511,0.5743757784662468,0.42562422153375234,0.7410204912719247
Other Union Territories,intentional_all,37157.2999937321,628.8584622486662,14966.434075308096,175107.48869529684,3427.858603384762,33729.441390347325,0.9077473712039624,0.09225262879603717,0.1016280869793991
Other Union Territories,other_transport,4389.951494174695,84.65800880277212,900.9641633264752,4350.98835277588,261.5265490860534,4128.424945088641,0.940426095952748,0.05957390404725191,0.06334777852681496
Other Union Territories,other_unintentional,152.08698081271632,7.9237966098216575,69.6446021421734,783.9259946035708,144.8167753618825,253.88101591069923,1.6693145892831853,0.9521970558427579,0.5704119894211418
Other Union Territories,poisoning,208.99290699718856,2.9952192012747623,292.007082960617,482.9291723030733,43.21872684184412,165.77418015534465,0.7932048151164035,0.20679518488359758,0.2607084336133918
Other Union Territories,road,42452.95637088241,3.458289963816964,14378.849440335158,36060.78703216127,2245.7003057578354,40207.256065124624,0.9471014389165587,0.052898561083442326,0.055853110247573785
Other Union Territories,self_harm,1233.9380273566378,549.8069377158264,98.65909866997416,17195.25654837427,915.2314096291738,29593.77959610541,23.983197648508888,0.7417158636319827,0.03092647921692367
Other Union Territories,transport_all,46842.90786505709,913.3520204194988,15279.813603661632,40349.12926658468,2507.2268548438924,44335.68101021322,0.9464758494057078,0.05352415059429268,0.056550994542439184
Other Union Territories,unintentional_all,69883.69845415192,1337.59527709618,275672.1845664605,558078.0358076479,24075.95195594522,45807.74649820661,0.6554854352515324,0.34451456474846637,0.5255869104341948
Other Union Territories,violence,6329.368603227901,78.69062048416973,9295.999247197104,151492.3530017065,2217.063387886102,4112.305215341797,0.6497180798167721,0.35028192018322757,0.5391290947021377
Punjab,all_injuries,1130314.9461306331,21057.547820568565,2372602.095716977,5676555.90965549,229931.10498789305,900383.8411427403,0.7965778425075173,0.20342215749248296,0.2553700927107614
Punjab,burns,24027.93833146298,352.7639813588808,18732.29930799163,215886.659467976,6697.823069100806,17330.11526236218,0.7212485325746633,0.27875146742533685,0.3864846233104545
Punjab,drowning,45645.87850757029,826.3381545107447,2218.893668523524,6117.836105648949,293.1161140752088,45352.76239349507,0.9935784757866669,0.006421524213332777,0.00646302669575096
Punjab,falls,262601.85760738107,5159.399400264894,1147170.5127405128,2762742.031129417,128787.11811631727,133814.73949106366,0.5095727071783763,0.4904272928216232,0.9624284933493283
Punjab,intentional_all,187926.1082955745,2997.330270590176,119857.91400763196,1364424.4550115415,26114.56473689284,161811.54355868188,0.8610381230487728,0.13896187695122839,0.16138876227592652
Punjab,other_transport,31683.482976787305,613.2388535861833,7170.999966174648,35237.06553247909,2127.0526264139257,29556.430350373343,0.9328655682213873,0.06713443177861149,0.07196581593917202
Punjab,other_unintentional,1646.7740405079471,63.57532495241107,203429.3124431728,5972.785651072493,1139.27105556353,1960.793135347202,1.1906874210516434,0.6918199021476693,0.5810256242873865
Punjab,poisoning,12642.889666728992,231.03340091953464,3026.5042884835425,4652.960263843673,395.3692678463763,12247.520398882629,0.9687279349683153,0.03127206503168571,0.032281576594266934
Punjab,road,420664.5623843215,8382.881857254393,166894.18761078897,439588.0026118724,27264.114503537425,393400.4478807837,0.9351879931387489,0.06481200686125012,0.06930372003999233
Punjab,self_harm,8488.190546024802,2245.3216885245224,21118.13816832887,67840.158239372,219.41948998858007,121970.87724774478,14.369479170665686,0.025849972240707866,0.0017989498390086974
Punjab,transport_all,452348.04536110826,8996.120710840576,174065.18757696345,474043.3576803427,29391.167129951347,422956.87823115726,0.9350253252305133,0.06497467476948741,0.06948974858351467
Punjab,unintentional_all,490040.79247395,9064.096839137812,2078678.9941323807,4166433.186381112,174425.37312104896,315615.4193529008,0.6440594828025027,0.3559405171974968,0.5526516210097383
Punjab,violence,56832.91478168709,732.083089917757,82867.78557463347,1195827.7102571283,18288.638850752097,38544.27593093499,0.6782033981363713,0.3217966018636287,0.47448391256648154
Rajasthan,all_injuries,2797715.322857653,44432.372809110624,7355928.122418741,13991634.425139824,566939.0754750723,2230776.247382581,0.797356410481397,0.20264358951860306,0.2541443034191683
Rajasthan,burns,77931.9259919015,1125.4327518794516,53687.534070793845,481015.5168761099,16167.6350179768,61764.290973924806,0.7925415699381432,0.2074584300618581,0.26176346822798197
Rajasthan,drowning,243257.51937234745,3635.927893623248,12317.230520704155,27690.32879525492,1389.5569729311103,241867.96239941625,0.994287712147536,0.005712287852463686,0.005745105549102951
Rajasthan,falls,550879.9422119489,6976.716088456225,3596399.2494817,7118440.154240409,329924.9413386354,220955.00087331352,0.40109465591742666,0.5989053440825733,1.4931770724112317
Rajasthan,intentional_all,581124.0847280953,9589.587557804662,313509.4145885374,3173667.9574000705,56172.567129769806,524951.5175983257,0.9033380845743945,0.09666191542560593,0.10700524762126902
Rajasthan,other_transport,69095.24160302104,1271.570933186713,20518.072001326524,79178.70161032511,4890.678114443433,64204.56348857762,0.9292183079329506,0.07078169206704964,0.07617337224500426
Rajasthan,other_unintentional,55917.50306526537,234.830231190964,447780.2869964137,819048.3541949284,20048.45233217158,35869.050733093805,0.6414637415270212,0.35853625847297893,0.5589345667760955
Rajasthan,poisoning,26155.254958117093,432.8053594835434,7823.552411195234,9483.208840889858,845.0208794951585,25310.23407862194,0.9676921184347733,0.03230788156522681,0.03338652960973197
Rajasthan,road,189219.2864933453,14771.263866491296,432067.50475627824,954570.9995075068,60536.40362899595,754426.5570946349,3.9870489476830757,0.3199272376028379,0.08024161273183056
Rajasthan,self_harm,449925.1927183754,688.4383563517821,61829.30802010672,169518.10126361338,9370.97333496048,440554.2193834151,0.9791721524230675,0.02082784757693289,0.021270874100526783
Rajasthan,transport_all,884058.2023266517,16042.834799678018,452585.57675760414,1032193.7014809202,65427.08174343938,818631.120583212,0.9259923367361452,0.0740076632638545,0.07992254398638986
Rajasthan,unintentional_all,1332533.035802905,18799.95045162793,6589833.131072595,10544678.93848342,445339.426601863,887193.6092010423,0.6657948323708706,0.3342051676291297,0.5019641958454943
Rajasthan,violence,129714.88775116362,1576.945062269618,245198.8711052186,2988650.9598420365,45815.659992613786,83899.22775854985,0.64679721204783,0.35320278795217,0.5460796388312988
Sikkim,all_injuries,18454.21036103944,282.98732227250235,56475.07697140125,129375.13590655688,5051.149987050329,13403.060373989114,0.7262873952215088,0.2737126047784914,0.3768654207402462
Sikkim,burns,547.7835880574294,7.586216355309683,480.53119628669407,4757.323041484444,148.27977883810212,399.5038092193274,0.7293095629901267,0.27069043700987355,0.37115986234988957
Sikkim,drowning,799.6711523299987,12.75078715638126,52.05391251851193,130.868159519038,6.279924571256903,793.3912277587423,0.9921468661799808,0.007853133820019781,0.007915293680517639
Sikkim,falls,5512.961615655623,76.70733040451842,31960.657734320263,70997.47690014377,3172.3893975683345,2340.572218087286,0.4245580472464319,0.5754419527535676,1.3553905207679553
Sikkim,intentional_all,4955.060167151924,79.13186265974511,2586.984464216396,28925.092697817672,511.4511767173344,4443.608990434595,0.8967820451287676,0.10321795487123357,0.11509815058397235
Sikkim,other_transport,289.45568226786764,4.717746146317267,171.07100247521927,753.5679279967478,44.58590883330759,244.86977343456,0.8459663721783598,0.15403362782163996,0.18208008366219572
Sikkim,other_unintentional,34.53295429450818,0.520705975488017,6027.06718737075,7306.376350897261,58.922363082579096,31.123285736122146,0.9012633402486425,1.7062647632192185,1.8931922414024858
Sikkim,poisoning,71.70546994217618,1.0566330885793302,57.373511976697095,84.71031322287092,7.523785379316096,64.18168456286007,0.8950737595697602,0.1049262404302396,0.11722636185946847
Sikkim,road,4172.248382651942,74.24776092062139,2098.6429996477927,5035.6256193846,311.65012795000064,3860.598254701945,0.9253040328936726,0.07469596710632824,0.08072586355506743
Sikkim,self_harm,3384.443797251889,62.988805588043405,655.9482249466569,1853.675377038611,102.51859723380866,3286.997079717332,0.971207464690747,0.030291121193104766,0.031189135477608893
Sikkim,transport_all,4461.704064919812,78.96550706693867,2269.7140021230125,5781.087593434138,356.2360367833087,4105.468028136502,0.9201569553695372,0.07984304463046255,0.08677111460663511
Sikkim,unintentional_all,9037.446128967696,124.88995254581867,51618.37850506188,101082.51266235228,4183.46277354969,4853.983355418011,0.5370967955050436,0.46290320449495687,0.8618617879849367
Sikkim,violence,1282.5308811139616,16.079682780503486,1881.414400090438,26791.286616139023,398.7772161745365,883.7536649394243,0.6890700863060909,0.3109299136939085,0.45123118805042817
Tamil Nadu,all_injuries,3623855.874905924,67897.63660806755,8358464.821971624,19184287.773993216,841880.6570182893,2781975.217887632,0.7676837363074912,0.23231626369250813,0.30261975434041916
Tamil Nadu,burns,95050.40222784667,1777.0085283550284,58245.78351653638,685045.4538291388,21008.467737430303,74041.93449041627,0.7789754988403867,0.2210245011596122,0.28373742369129434
Tamil Nadu,drowning,178657.39492131892,3375.7554276528303,9934.776781959194,27180.43841437573,1285.3305850616896,177372.06433625723,0.9928056121851113,0.007194387814888669,0.007246522105222805
Tamil Nadu,falls,930046.372086664,14690.92295923144,4860940.140997603,11991278.42589837,555057.1329290689,374989.2391575958,0.40319413140257204,0.5968058685974287,1.4801948295262852
Tamil Nadu,intentional_all,1039354.5754936198,20104.891627125948,417969.7176285212,3724837.474785557,79633.54903038159,959721.0264632388,0.923381730443087,0.07661826955691353,0.08297572610641545
Tamil Nadu,other_transport,66638.37848722687,1366.1015752642468,18188.779398225408,92253.44471024358,5513.895628174936,61124.4828590519,0.9172564556139092,0.08274354438609022,0.0902076446338128
Tamil Nadu,other_unintentional,61488.69546410465,126.61320960646188,17077.843700222533,74387.83594188275,20914.20310508753,3586.70644781057,0.058331152104282115,0.34013086384791896,5.831032845705611
Tamil Nadu,poisoning,29862.31554056358,600.6443633703132,5015.833004118161,8871.697970521256,778.8273453562422,29083.488195207334,0.9739193920076853,0.026080607992314573,0.026779021145220988
Tamil Nadu,road,92032.0828450923,18374.883734153223,491260.21444167465,1326509.20485877,82332.6247500823,810306.8713770718,8.804612981985578,0.894607860702924,0.10160672167343532
Tamil Nadu,self_harm,805659.1173587425,16281.378782014815,117975.69147740692,415032.002017154,22449.01492288686,783210.1024358555,0.9721358395390802,0.027864160460919607,0.02866282604510381
Tamil Nadu,transport_all,959277.8746143806,19740.98530941748,509448.9938399002,1416552.596050355,87846.52037825725,871431.3542361237,0.9084243234385342,0.0915756765614662,0.10080716048513247
Tamil Nadu,unintentional_all,1625223.424797919,28051.759671524163,7431046.1105032,15338842.54421254,674400.5876096507,950822.83718827,0.5850413073553229,0.414958692644678,0.7092810155927233
Tamil Nadu,violence,230864.33430009123,3811.140906008072,286922.46910655627,3256148.553752128,55156.57675620559,175707.75754388576,0.7610866272461572,0.23891337275384333,0.31391087978815835
Telangana,all_injuries,2316151.0035387506,48535.746874969,3226066.497930396,7068357.516895018,289755.47770117107,2026395.525837583,0.8748978467904458,0.12510215320955576,0.14299058303605588
Telangana,burns,32344.92567621445,558.9039768515199,24647.507768687705,255409.1541170632,8179.40800068375,24165.517675530704,0.7471192828648652,0.25288071713513494,0.3384743546779459
Telangana,drowning,122097.89534708564,2381.8144877495824,3523.020575845987,8926.583593692574,437.0752899472794,121660.82005713842,0.9964202880917419,0.0035797119082586377,0.003592572282037927
Telangana,falls,492514.1955969692,12320.504457022069,1655639.875164844,3640595.489855415,171662.3191953635,320851.876401606,0.6514571138659387,0.3485428861340618,0.5350204621539942
Telangana,intentional_all,667965.9880091065,12790.943903273324,166612.8919992063,1684551.709205098,32788.97313416003,635177.0148749459,0.9509122115156055,0.04908778848439362,0.051621787889499664
Telangana,other_transport,43390.39578963461,892.9024928070531,9035.024829239175,41053.57054102643,2492.9550952004024,40897.44069443418,0.9425459240499493,0.05745407595005013,0.06095626163569873
Telangana,other_unintentional,34365.80339068102,2939.6361466436906,9605.200302738856,395224.2743355085,9597.524258520005,129036.56776264042,3.754795611664102,0.2792754224137407,0.07437832875541461
Telangana,poisoning,7634.435886525897,139.66718474586503,2927.1193216556085,4450.554174851866,403.9154957380946,7230.520390787809,0.9470929480918213,0.05290705190817958,0.05586257612283499
Telangana,road,647983.2197891285,13310.886617844531,177603.98850110715,429850.8219202005,26862.27061571961,621120.9491734084,0.9585448051811253,0.04145519481887406,0.043248051207205436
Telangana,self_harm,526738.5211542682,11481.880464758882,56429.38841044172,161436.73808437667,9179.332932277008,571809.5683715877,1.0855662637290189,0.017426735588203957,0.016053129293408155
Telangana,transport_all,691373.6155787624,14203.789110651602,186639.0133303461,470218.944997044,29355.22571092003,662018.3898678425,0.9575407203146652,0.04245927968533511,0.044342009467108846
Telangana,unintentional_all,956811.399950884,21541.01386104406,2872814.5926008443,5305434.518965849,227611.27885609085,729200.1210947926,0.7621147920397109,0.23788520796028853,0.31213828998597004
Telangana,violence,5530.129616713219,1303.3925062908588,106225.34189006205,1498376.9165214028,22621.392206438864,63002.070273942125,11.392512407582016,4.090571790229336,0.3590579183839162
Tripura,all_injuries,151985.30369229184,2596.894001076465,264485.1584517446,667478.5286401728,25723.311012774444,126261.99267951732,0.8307513266884428,0.16924867331155677,0.2037296455320982
Tripura,burns,6126.623546499764,102.5799616997165,3171.1416927374016,32151.39156876402,1068.5653437427125,5058.058202757047,0.8255865835998353,0.17441341640016392,0.21125999363950748
Tripura,drowning,9528.203216566224,155.6640475342059,345.224865977575,874.3808706858455,43.60065095395624,9484.602565612264,0.9954240427116254,0.004575957288374151,0.004596992931684499
Tripura,falls,22773.353888854777,365.0419821304665,115914.48699224848,269972.3290794117,12449.135574024756,10324.218314830025,0.4533464137613332,0.546653586238667,1.2058187065012405
Tripura,intentional_all,60455.80714223124,1048.1331031680463,20084.567778410616,205589.6180514276,4783.982495269324,55671.82464696191,0.9208681064498188,0.07913189355018116,0.08593184300328825
Tripura,other_transport,1025.2657742194187,15.186565030084372,998.202004226334,4675.960116260532,286.39225774656626,738.8735164728525,0.7206653484901419,0.27933465150985815,0.3876066083863879
Tripura,other_unintentional,251.6785591009269,44.44559421405244,65.6124371091119,719.9440871997173,19.772771368771824,2239.935951315488,8.899987187296476,0.07856359095270664,0.008827382478128228
Tripura,poisoning,634.3898299441516,10.274916747042363,300.11206761485346,476.3672524475746,43.62486714053408,590.7649628036174,0.9312333441026716,0.06876665589732828,0.07384470963460961
Tripura,road,34288.85838184672,654.0280431890707,12976.83735653351,6815.493275601794,434.9470811764578,32254.0568168749,0.9406570629353734,0.01268479330320103,0.013485034879361257
Tripura,self_harm,49496.08648913477,908.6347826357676,5893.054766975606,18533.68900612264,1005.7138536561624,48490.372635478576,0.9796809419694835,0.020319058030515882,0.02074048515189837
Tripura,transport_all,35314.12415606609,669.214608219155,13975.039360759836,36793.04341024623,2321.193822718389,32992.93033334774,0.9342701007545834,0.06572989924541751,0.07035427890963153
Tripura,unintentional_all,56215.37239399448,879.5462896892644,230425.55131257413,460494.287510967,18618.13469478674,37597.237699207726,0.6688070557587245,0.33119294424127527,0.49519953683137397
Tripura,violence,9624.08130842617,136.59475740770364,12890.34220449148,161307.76379610322,2629.4935600661347,6994.58774836003,0.7267797854363575,0.27322021456364204,0.3759326002712101
Uttar Pradesh,all_injuries,9884322.23995373,169386.19901769728,22532051.03654617,41493824.73986711,1768183.1507184731,8116139.089235264,0.8211123526941243,0.1788876473058764,0.21786013414477828
Uttar Pradesh,burns,420899.9919630456,6936.158868138573,172599.13023174033,1457202.960296753,56710.94719350284,364189.0447695428,0.865262655556235,0.13473734444376512,0.1557184325228379
Uttar Pradesh,drowning,487325.8842599635,7431.659190811852,23964.32309749967,53079.49059478104,2862.1030845781897,484463.78117538535,0.994126921682142,0.005873078317858042,0.005907775143962831
Uttar Pradesh,falls,1911049.7577596763,30126.405999815663,11211056.44120868,21249303.91717292,1018928.6831909278,892121.0745687479,0.4668225256544766,0.5331774743455231,1.1421417027766987
Uttar Pradesh,intentional_all,2645577.204184707,45686.11184104718,1320797.687645579,10087243.080690702,210649.49826412945,2434927.7059205766,0.9203767336931501,0.07962326630684957,0.08651160268616226
Uttar Pradesh,other_transport,312959.46340771613,5917.243784000522,70192.42815545027,261122.5264143636,17336.60940459601,295622.85400312,0.9446042972600243,0.05539570273997527,0.05864434758624257
Uttar Pradesh,other_unintentional,248802.59255176672,2389.276325645782,3773.820994864057,2442694.3094526096,62890.96376365444,8264.326065189087,0.03321639851268665,0.25277455157774986,7.609932530199061
Uttar Pradesh,poisoning,82898.89089097931,1375.448930880434,17582.16878227698,21992.79248755558,2146.028894068433,80752.86199691093,0.9741126947417109,0.025887305258289705,0.02657526731560952
Uttar Pradesh,road,519471.5249261352,48572.46392036178,1221905.6208804285,114272.86818721048,177269.02252196305,2424552.009004184,4.667343430131106,0.3412487769125927,0.07311413484372781
Uttar Pradesh,self_harm,1861122.036645444,32440.36982658145,247108.17166743297,646882.145597257,36690.83354640685,1733370.781606404,0.9313579375647479,0.019714361994520133,0.021167331269079985
Uttar Pradesh,transport_all,2914780.4949338604,54489.7077043623,1292098.0490358782,2943486.8606117046,194605.631926559,2720174.863007304,0.9332348928968072,0.06676510710319365,0.07154158895189984
Uttar Pradesh,unintentional_all,4323964.5408351645,69210.37947228774,19919155.29986472,30810480.666166287,1362928.0205277847,2961036.52030738,0.6847966703573989,0.3152033296426011,0.46028747405867915
Uttar Pradesh,violence,777191.2424640009,11484.406299062086,1020870.3538259376,9409581.811093483,168843.75001026265,608347.492453739,0.7827513476928007,0.21724865230720017,0.27754490994816117
Uttarakhand,all_injuries,606561.2748070598,11533.8218837631,1011225.1583958656,2061194.1908450748,87149.78504052197,519411.4897665379,0.8563215479454351,0.143678452054565,0.16778563192680537
Uttarakhand,burns,17001.054188708986,282.86161577888043,8755.00357761032,84565.24196515305,2951.428559253058,14049.62562945592,0.8263973206312574,0.17360267936874224,0.210071687110666
Uttarakhand,drowning,27825.008957722635,513.928887057621,1286.8817397947746,3053.675022436967,154.3671254720136,27670.64183225061,0.9944522165039885,0.005547783496011063,0.005578733099428726
Uttarakhand,falls,114403.64255153509,2350.717861931328,490335.4503480773,1013115.7823248864,48466.15938439677,65937.48316713842,0.5763582495848919,0.423641750415109,0.7350319887330957
Uttarakhand,intentional_all,113841.70945170466,1970.446762222244,55669.70620304634,503304.2549291394,9854.340796001348,103987.36865570326,0.9134382218655814,0.08656177813441811,0.09476478656391965
Uttarakhand,other_transport,22074.87240017204,438.1244252478502,3195.0421984695004,13390.496790465111,859.4446634682569,21215.4277367038,0.9610668343676795,0.03893316563232133,0.040510362276664005
Uttarakhand,other_unintentional,14672.25135730026,28.52085506704253,94553.37712423004,1783.4740742439212,481.3954379256152,951.3650527922908,0.06484110922206454,0.03280992304470672,0.506004962566895
Uttarakhand,poisoning,1204.9799765336686,20.370291298958257,824.3880434694184,1222.169887360703,117.16017008234395,1087.8198064513256,0.9027700274162445,0.09722997258375633,0.10770181732996997
Uttarakhand,road,230466.8726285197,4520.258151336345,73816.01706777966,171762.3738726671,10985.130283693694,219481.742344826,0.9523353176167744,0.04766468238322557,0.050050314738412476
Uttarakhand,self_harm,77471.8098704001,1334.0703896745304,11589.84522573691,2359.3339354044047,1806.3688561987824,71575.02011143845,0.9238847037544858,0.02331646645690341,0.02523742016958379
Uttarakhand,transport_all,252541.74502869163,4958.382576584192,77011.05926624914,184812.073878195,11844.574947161947,240697.17008152985,0.9530985463578859,0.04690145364211477,0.04920944830032654
Uttarakhand,unintentional_all,240177.8203266635,4604.992544956678,878544.3929265701,1493100.9939206874,65450.86929735859,174726.95102930465,0.727489952201499,0.2725100477984999,0.3745894317493206
Uttarakhand,violence,36089.188278873,556.9875614781338,42383.16838477771,467688.5866597972,7798.085681920506,28291.10259695251,0.783921832165852,0.21607816783414854,0.2756373900662503
West Bengal,all_injuries,3438928.830271178,59400.21560552202,8813646.293068727,20466234.01869009,841805.070750559,2597123.759520621,0.7552130002399101,0.24478699976009047,0.3241297484051896
West Bengal,burns,149348.49769190614,2587.1177208616227,86999.23573889336,928955.5590088556,28955.568162897565,120392.92952900856,0.8061207939122992,0.1938792060877007,0.24050887602930826
West Bengal,drowning,231029.06207029943,4110.509006420939,13034.6829229923,34916.46736607353,1696.7697254519403,229332.29234484743,0.9926556005108322,0.0073443994891674415,0.007398738782502135
West Bengal,falls,844504.9586543699,11816.950142993472,4951140.872537041,11673155.713259978,534807.7546175069,309697.2040368635,0.3667204092328049,0.6332795907671956,1.726873047758766
West Bengal,intentional_all,1139221.4616398134,20639.7266940682,493486.247595766,4451281.140009871,92151.0824782098,1047070.3791616054,0.91911047537187,0.08088952462813163,0.0880084895076448
West Bengal,other_transport,74280.10977816556,1482.90869071077,25209.327429737656,117423.56715948912,7116.818818037579,67163.290960128,0.9041894413014245,0.09581055869857572,0.10596292582301443
West Bengal,other_unintentional,48498.164508763926,74.46816767803608,1695.3635299741463,975213.66035712,3614.133343226041,810.7612235029,0.016717358929251646,0.07452103352432944,4.4577037461302735
West Bengal,poisoning,3649.733536359783,51.1574104026589,6827.722605312194,10709.727087277688,947.1982627818952,2702.5352735778915,0.7404746803169033,0.25952531968309767,0.3504850693504169
West Bengal,road,585368.2757386883,11827.354758394156,330798.530541346,868533.6756622738,54066.774845762615,531301.5008929254,0.9076363084802727,0.09236369151972686,0.10176288746577215
West Bengal,self_harm,964110.3820766838,18301.77416668502,177306.78718430916,554799.5697955617,29396.2510938588,933609.885910362,0.9683641035991916,0.030490545108060735,0.03148665361999091
West Bengal,transport_all,659648.3855168538,13310.263449104925,356007.8579710835,984415.3870731636,61183.5936638002,598464.791853054,0.9072481718940907,0.09275182810590989,0.10223424083872108
West Bengal,unintentional_all,1640058.983114512,25450.225462348884,7964152.187501874,16128967.58653496,688470.3946085493,951588.5885059612,0.5802160765577292,0.4197839234422699,0.7234958499129126
West Bengal,violence,169190.50166057848,2282.2938681348014,271707.75389347307,3871775.334130317,59351.27678823973,109839.2248723388,0.6492044399318159,0.3507955600681845,0.5403468283504463
